transaction_id,rule_failed,severity,risk_amount_usd,description
TXN-10000,DUPLICATE_INVOICE,HIGH,7549.820000000001,Duplicate invoice INV-84131 for vendor VEND-011
TXN-10001,DUPLICATE_INVOICE,HIGH,3851.61,Duplicate invoice INV-57908 for vendor VEND-003
TXN-10002,DUPLICATE_INVOICE,HIGH,4960.83,Duplicate invoice INV-88339 for vendor VEND-001
TXN-10003,DUPLICATE_INVOICE,HIGH,4746.82,Duplicate invoice INV-35963 for vendor VEND-006
TXN-10004,DUPLICATE_INVOICE,HIGH,9170.04,Duplicate invoice INV-49443 for vendor VEND-018
TXN-10005,DUPLICATE_INVOICE,HIGH,1995.38,Duplicate invoice INV-49063 for vendor VEND-024
TXN-10010,DUPLICATE_INVOICE,HIGH,14327.73,Duplicate invoice INV-84131 for vendor VEND-011
TXN-10011,DUPLICATE_INVOICE,HIGH,13385.63,Duplicate invoice INV-57908 for vendor VEND-003
TXN-10012,DUPLICATE_INVOICE,HIGH,11734.02,Duplicate invoice INV-88339 for vendor VEND-001
TXN-10013,DUPLICATE_INVOICE,HIGH,4448.67,Duplicate invoice INV-35963 for vendor VEND-006
TXN-10014,DUPLICATE_INVOICE,HIGH,6567.07,Duplicate invoice INV-49443 for vendor VEND-018
TXN-10015,DUPLICATE_INVOICE,HIGH,1716.9399999999998,Duplicate invoice INV-49063 for vendor VEND-024
TXN-10050,TAX_CALCULATION_MISMATCH,MEDIUM,1257.03,Tax calculation discrepancy detected
TXN-10051,TAX_CALCULATION_MISMATCH,MEDIUM,1752.6150000000002,Tax calculation discrepancy detected
TXN-10052,TAX_CALCULATION_MISMATCH,MEDIUM,503.79,Tax calculation discrepancy detected
TXN-10053,TAX_CALCULATION_MISMATCH,MEDIUM,885.72,Tax calculation discrepancy detected
TXN-10054,TAX_CALCULATION_MISMATCH,MEDIUM,1179.75,Tax calculation discrepancy detected
TXN-10055,TAX_CALCULATION_MISMATCH,MEDIUM,1855.26,Tax calculation discrepancy detected
TXN-10056,TAX_CALCULATION_MISMATCH,MEDIUM,200.085,Tax calculation discrepancy detected
TXN-10057,TAX_CALCULATION_MISMATCH,MEDIUM,928.575,Tax calculation discrepancy detected
TXN-10058,TAX_CALCULATION_MISMATCH,MEDIUM,718.6800000000001,Tax calculation discrepancy detected
TXN-10059,TAX_CALCULATION_MISMATCH,MEDIUM,1608.015,Tax calculation discrepancy detected
TXN-10060,TAX_CALCULATION_MISMATCH,MEDIUM,886.7549999999999,Tax calculation discrepancy detected
TXN-10200,TAX_CALCULATION_MISMATCH,MEDIUM,618.64,Tax calculation discrepancy detected
TXN-10201,TAX_CALCULATION_MISMATCH,MEDIUM,505.71,Tax calculation discrepancy detected
TXN-10202,TAX_CALCULATION_MISMATCH,MEDIUM,1179.56,Tax calculation discrepancy detected
TXN-10203,TAX_CALCULATION_MISMATCH,MEDIUM,648.61,Tax calculation discrepancy detected
TXN-10100,MISSING_CRITICAL_METADATA,HIGH,11968.34,Missing Vendor ID or GL Account mapping
TXN-10101,MISSING_CRITICAL_METADATA,HIGH,5398.57,Missing Vendor ID or GL Account mapping
TXN-10102,MISSING_CRITICAL_METADATA,HIGH,14717.32,Missing Vendor ID or GL Account mapping
TXN-10103,MISSING_CRITICAL_METADATA,HIGH,4369.83,Missing Vendor ID or GL Account mapping
TXN-10104,MISSING_CRITICAL_METADATA,HIGH,11784.74,Missing Vendor ID or GL Account mapping
TXN-10105,MISSING_CRITICAL_METADATA,HIGH,14257.41,Missing Vendor ID or GL Account mapping
TXN-10106,MISSING_CRITICAL_METADATA,HIGH,728.27,Missing Vendor ID or GL Account mapping
TXN-10107,MISSING_CRITICAL_METADATA,HIGH,6489.4,Missing Vendor ID or GL Account mapping
TXN-10108,MISSING_CRITICAL_METADATA,HIGH,12390.86,Missing Vendor ID or GL Account mapping
TXN-10109,MISSING_CRITICAL_METADATA,HIGH,7416.25,Missing Vendor ID or GL Account mapping
TXN-10110,MISSING_CRITICAL_METADATA,HIGH,4379.18,Missing Vendor ID or GL Account mapping
TXN-10300,PERIOD_CUTOFF_FUTURE_DATE,MEDIUM,13433.67,Future posting date: 2027-06-15
TXN-10301,PERIOD_CUTOFF_FUTURE_DATE,MEDIUM,825.12,Future posting date: 2027-06-15
TXN-10302,PERIOD_CUTOFF_FUTURE_DATE,MEDIUM,11815.38,Future posting date: 2027-06-15
TXN-10303,PERIOD_CUTOFF_FUTURE_DATE,MEDIUM,12578.54,Future posting date: 2027-06-15
TXN-10304,PERIOD_CUTOFF_FUTURE_DATE,MEDIUM,5760.43,Future posting date: 2027-06-15
TXN-10305,PERIOD_CUTOFF_FUTURE_DATE,MEDIUM,13401.98,Future posting date: 2027-06-15
TXN-10200,MATERIAL_AMOUNT_OUTLIER,CRITICAL,270625.0,"Material outlier amount: $250,000.00"
TXN-10201,MATERIAL_AMOUNT_OUTLIER,CRITICAL,541250.0,"Material outlier amount: $500,000.00"
TXN-10202,MATERIAL_AMOUNT_OUTLIER,CRITICAL,1299000.0,"Material outlier amount: $1,200,000.00"
TXN-10203,MATERIAL_AMOUNT_OUTLIER,CRITICAL,920125.0,"Material outlier amount: $850,000.00"
