transaction_id,posting_date,vendor_id,invoice_number,gl_account,net_amount,tax_rate,approval_status,tax_amount,total_amount
TXN-10000,2025-04-13,VEND-011,INV-84131,2000,6974.43,0.0825,PENDING,575.39,7549.820000000001
TXN-10001,2025-12-15,VEND-003,INV-57908,1200,3558.07,0.0825,PENDING,293.54,3851.61
TXN-10002,2025-09-28,VEND-001,INV-88339,2000,4582.75,0.0825,APPROVED,378.08,4960.83
TXN-10003,2025-04-17,VEND-006,INV-35963,2000,4385.05,0.0825,APPROVED,361.77,4746.82
TXN-10004,2025-03-13,VEND-018,INV-49443,5000,8471.17,0.0825,APPROVED,698.87,9170.04
TXN-10005,2025-07-08,VEND-024,INV-49063,2000,1843.31,0.0825,APPROVED,152.07,1995.3799999999999
TXN-10006,2025-01-21,VEND-010,INV-90818,2000,13756.04,0.0825,PENDING,1134.87,14890.91
TXN-10007,2025-04-13,VEND-005,INV-14703,7000,10823.79,0.0825,APPROVED,892.96,11716.75
TXN-10008,2025-05-02,VEND-023,INV-75128,4000,6051.61,0.0825,REJECTED,499.26,6550.87
TXN-10009,2025-08-03,VEND-010,INV-82099,1200,2421.43,0.0825,PENDING,199.77,2621.2
TXN-10010,2025-11-27,VEND-011,INV-84131,7000,13235.78,0.0825,APPROVED,1091.95,14327.730000000001
TXN-10011,2025-03-29,VEND-003,INV-57908,7000,12365.48,0.0825,APPROVED,1020.15,13385.63
TXN-10012,2025-04-10,VEND-001,INV-88339,4000,10839.74,0.0825,APPROVED,894.28,11734.02
TXN-10013,2025-12-26,VEND-006,INV-35963,4000,4109.63,0.0825,PENDING,339.04,4448.67
TXN-10014,2025-06-01,VEND-018,INV-49443,1010,6066.58,0.0825,APPROVED,500.49,6567.07
TXN-10015,2025-05-11,VEND-024,INV-49063,4000,1586.09,0.0825,PENDING,130.85,1716.9399999999998
TXN-10016,2025-05-30,VEND-001,INV-36958,5000,2876.14,0.0825,APPROVED,237.28,3113.42
TXN-10017,2025-11-05,VEND-005,INV-36017,5000,11756.1,0.0825,APPROVED,969.88,12725.98
TXN-10018,2025-09-15,VEND-009,INV-86707,7000,10739.83,0.0825,PENDING,886.04,11625.869999999999
TXN-10019,2025-12-10,VEND-017,INV-55350,6200,8922.61,0.0825,APPROVED,736.12,9658.730000000001
TXN-10020,2025-10-21,VEND-009,INV-22201,1010,13441.11,0.0825,APPROVED,1108.89,14550.0
TXN-10021,2025-07-11,VEND-011,INV-39426,6200,8769.83,0.0825,APPROVED,723.51,9493.34
TXN-10022,2025-10-04,VEND-015,INV-27778,6200,7031.17,0.0825,APPROVED,580.07,7611.24
TXN-10023,2025-06-10,VEND-024,INV-55241,7000,5138.54,0.0825,APPROVED,423.93,5562.47
TXN-10024,2025-11-10,VEND-006,INV-52229,6100,14109.71,0.0825,APPROVED,1164.05,15273.759999999998
TXN-10025,2025-01-22,VEND-023,INV-96652,7000,1286.6,0.0825,PENDING,106.14,1392.74
TXN-10026,2025-09-10,VEND-003,INV-58364,1200,13966.77,0.0825,PENDING,1152.26,15119.03
TXN-10027,2025-08-24,VEND-017,INV-94878,1200,12409.38,0.0825,APPROVED,1023.77,13433.15
TXN-10028,2025-12-11,VEND-005,INV-67056,4000,1992.45,0.0825,APPROVED,164.38,2156.83
TXN-10029,2025-02-18,VEND-012,INV-37490,4000,8496.52,0.0825,APPROVED,700.96,9197.48
TXN-10030,2025-02-28,VEND-018,INV-29975,6100,13004.89,0.0825,APPROVED,1072.9,14077.789999999999
TXN-10031,2025-06-19,VEND-014,INV-36723,4000,8598.55,0.0825,REJECTED,709.38,9307.929999999998
TXN-10032,2025-07-07,VEND-021,INV-33279,1200,13612.64,0.0825,APPROVED,1123.04,14735.68
TXN-10033,2025-09-28,VEND-024,INV-88301,6200,14147.61,0.0825,APPROVED,1167.18,15314.79
TXN-10034,2025-07-09,VEND-011,INV-21561,7000,6364.65,0.0825,APPROVED,525.08,6889.73
TXN-10035,2025-06-24,VEND-009,INV-76061,2000,5690.84,0.0825,APPROVED,469.49,6160.33
TXN-10036,2025-02-20,VEND-002,INV-98397,5000,14048.0,0.0825,APPROVED,1158.96,15206.96
TXN-10037,2025-12-30,VEND-012,INV-59153,2000,10143.34,0.0825,APPROVED,836.83,10980.17
TXN-10038,2025-02-24,VEND-003,INV-43142,2000,1784.54,0.0825,APPROVED,147.22,1931.76
TXN-10039,2025-09-01,VEND-003,INV-36916,1200,682.26,0.0825,APPROVED,56.29,738.55
TXN-10040,2025-11-16,VEND-001,INV-74324,2000,8491.2,0.0825,APPROVED,700.52,9191.720000000001
TXN-10041,2025-05-11,VEND-008,INV-54965,7000,13956.06,0.0825,APPROVED,1151.37,15107.43
TXN-10042,2025-11-03,VEND-022,INV-14648,6100,12671.52,0.0825,APPROVED,1045.4,13716.92
TXN-10043,2025-05-15,VEND-008,INV-45133,1010,10153.92,0.0825,APPROVED,837.7,10991.62
TXN-10044,2025-01-21,VEND-011,INV-60677,4000,2129.78,0.0825,APPROVED,175.71,2305.4900000000002
TXN-10045,2025-11-25,VEND-009,INV-80135,1010,3850.76,0.0825,APPROVED,317.69,4168.45
TXN-10046,2025-06-16,VEND-005,INV-45046,6200,13138.89,0.0825,APPROVED,1083.96,14222.849999999999
TXN-10047,2025-10-01,VEND-014,INV-57064,7000,2782.97,0.0825,APPROVED,229.6,3012.5699999999997
TXN-10048,2025-03-30,VEND-003,INV-79350,7000,4212.67,0.0825,PENDING,347.55,4560.22
TXN-10049,2025-11-12,VEND-021,INV-55893,5000,1987.53,0.0825,PENDING,163.97,2151.5
TXN-10050,2025-01-14,VEND-005,INV-71272,7000,10157.82,0.0825,APPROVED,1257.03,11414.85
TXN-10051,2025-08-30,VEND-005,INV-77649,4000,14162.54,0.0825,PENDING,1752.6150000000002,15915.155
TXN-10052,2025-09-22,VEND-019,INV-74674,7000,4071.07,0.0825,APPROVED,503.79,4574.860000000001
TXN-10053,2025-12-12,VEND-014,INV-23760,2000,7157.33,0.0825,APPROVED,885.72,8043.05
TXN-10054,2025-02-22,VEND-004,INV-31927,5000,9533.38,0.0825,APPROVED,1179.75,10713.13
TXN-10055,2025-12-06,VEND-025,INV-96475,4000,14992.02,0.0825,APPROVED,1855.2599999999998,16847.28
TXN-10056,2025-04-02,VEND-013,INV-71367,6100,1616.88,0.0825,APPROVED,200.08499999999998,1816.9650000000001
TXN-10057,2025-09-21,VEND-010,INV-22588,6100,7503.63,0.0825,APPROVED,928.5749999999999,8432.205
TXN-10058,2025-02-04,VEND-025,INV-62233,6100,5807.55,0.0825,APPROVED,718.6800000000001,6526.2300000000005
TXN-10059,2025-07-25,VEND-018,INV-54738,6100,12994.01,0.0825,APPROVED,1608.0149999999999,14602.025
TXN-10060,2025-03-22,VEND-008,INV-43397,2000,7165.72,0.0825,APPROVED,886.7549999999999,8052.475
TXN-10061,2025-02-19,VEND-008,INV-92189,7000,1709.11,0.0825,PENDING,141.0,1850.11
TXN-10062,2025-12-26,VEND-007,INV-86367,1010,9534.64,0.0825,APPROVED,786.61,10321.25
TXN-10063,2025-01-02,VEND-008,INV-81260,4000,11573.17,0.0825,APPROVED,954.79,12527.96
TXN-10064,2025-02-23,VEND-014,INV-86619,2000,93.07,0.0825,APPROVED,7.68,100.75
TXN-10065,2025-04-16,VEND-019,INV-29816,6100,12891.4,0.0825,APPROVED,1063.54,13954.939999999999
TXN-10066,2025-09-17,VEND-006,INV-52240,6200,2831.04,0.0825,APPROVED,233.56,3064.6
TXN-10067,2025-11-06,VEND-001,INV-16276,7000,8303.44,0.0825,APPROVED,685.03,8988.470000000001
TXN-10068,2025-07-10,VEND-023,INV-89530,1010,6266.17,0.0825,APPROVED,516.96,6783.13
TXN-10069,2025-08-06,VEND-015,INV-33499,6200,10808.82,0.0825,APPROVED,891.73,11700.55
TXN-10070,2025-02-13,VEND-001,INV-98576,5000,5598.87,0.0825,APPROVED,461.91,6060.78
TXN-10071,2025-06-11,VEND-025,INV-92495,6200,13052.96,0.0825,APPROVED,1076.87,14129.829999999998
TXN-10072,2025-07-21,VEND-017,INV-81635,5000,10970.92,0.0825,APPROVED,905.1,11876.02
TXN-10073,2025-09-27,VEND-001,INV-95112,5000,9733.31,0.0825,APPROVED,803.0,10536.31
TXN-10074,2025-12-17,VEND-015,INV-45946,6100,11953.8,0.0825,APPROVED,986.19,12939.99
TXN-10075,2025-10-31,VEND-023,INV-65204,5000,11322.64,0.0825,APPROVED,934.12,12256.76
TXN-10076,2025-09-28,VEND-002,INV-61886,1200,587.28,0.0825,PENDING,48.45,635.73
TXN-10077,2025-08-03,VEND-014,INV-81652,4000,5951.28,0.0825,PENDING,490.98,6442.26
TXN-10078,2025-09-09,VEND-021,INV-25563,4000,13965.57,0.0825,REJECTED,1152.16,15117.73
TXN-10079,2025-07-09,VEND-008,INV-19847,6100,1929.58,0.0825,APPROVED,159.19,2088.77
TXN-10080,2025-10-23,VEND-008,INV-36155,1200,11069.59,0.0825,APPROVED,913.24,11982.83
TXN-10081,2025-08-01,VEND-019,INV-89671,6200,14620.15,0.0825,APPROVED,1206.16,15826.31
TXN-10082,2025-07-27,VEND-007,INV-93310,2000,830.37,0.0825,APPROVED,68.51,898.88
TXN-10083,2025-08-25,VEND-019,INV-77278,6200,10248.8,0.0825,APPROVED,845.53,11094.33
TXN-10084,2025-12-04,VEND-006,INV-28309,7000,7048.9,0.0825,APPROVED,581.53,7630.429999999999
TXN-10085,2025-02-22,VEND-006,INV-10619,2000,8708.67,0.0825,PENDING,718.47,9427.14
TXN-10086,2025-10-07,VEND-003,INV-93194,5000,1325.85,0.0825,APPROVED,109.38,1435.23
TXN-10087,2025-08-05,VEND-007,INV-60108,1010,692.95,0.0825,PENDING,57.17,750.12
TXN-10088,2025-09-09,VEND-019,INV-44707,2000,10019.66,0.0825,APPROVED,826.62,10846.28
TXN-10089,2025-07-07,VEND-008,INV-30337,1010,12358.48,0.0825,APPROVED,1019.57,13378.05
TXN-10090,2025-02-10,VEND-010,INV-91537,4000,11741.13,0.0825,APPROVED,968.64,12709.769999999999
TXN-10091,2025-06-06,VEND-020,INV-76504,1010,8179.9,0.0825,APPROVED,674.84,8854.74
TXN-10092,2025-01-15,VEND-015,INV-57614,4000,1543.01,0.0825,APPROVED,127.3,1670.31
TXN-10093,2025-10-28,VEND-015,INV-10281,1200,10336.26,0.0825,APPROVED,852.74,11189.0
TXN-10094,2025-03-06,VEND-001,INV-37420,1200,3666.24,0.0825,APPROVED,302.46,3968.7
TXN-10095,2025-12-11,VEND-020,INV-90896,6100,13670.48,0.0825,APPROVED,1127.81,14798.289999999999
TXN-10096,2025-11-23,VEND-007,INV-49030,6100,12582.07,0.0825,PENDING,1038.02,13620.09
TXN-10097,2025-01-09,VEND-004,INV-11058,5000,10655.28,0.0825,APPROVED,879.06,11534.34
TXN-10098,2025-12-10,VEND-006,INV-96213,2000,14235.25,0.0825,PENDING,1174.41,15409.66
TXN-10099,2025-05-09,VEND-025,INV-86260,5000,519.76,0.0825,APPROVED,42.88,562.64
TXN-10100,2025-05-16,,INV-38404,4000,11056.2,0.0825,APPROVED,912.14,11968.34
TXN-10101,2025-03-04,,INV-39856,5000,4987.13,0.0825,APPROVED,411.44,5398.57
TXN-10102,2025-05-19,,INV-19200,1010,13595.68,0.0825,APPROVED,1121.64,14717.32
TXN-10103,2025-03-22,,INV-74178,4000,4036.79,0.0825,APPROVED,333.04,4369.83
TXN-10104,2025-06-12,,INV-43997,6100,10886.6,0.0825,APPROVED,898.14,11784.74
TXN-10105,2025-10-16,,INV-35611,1200,13170.82,0.0825,APPROVED,1086.59,14257.41
TXN-10106,2025-09-18,,INV-51235,6100,672.77,0.0825,APPROVED,55.5,728.27
TXN-10107,2025-08-19,,INV-45057,2000,5994.83,0.0825,APPROVED,494.57,6489.4
TXN-10108,2025-02-10,,INV-11239,4000,11446.52,0.0825,APPROVED,944.34,12390.86
TXN-10109,2025-01-28,,INV-75661,4000,6851.04,0.0825,APPROVED,565.21,7416.25
TXN-10110,2025-05-15,,INV-55272,1010,4045.43,0.0825,APPROVED,333.75,4379.18
TXN-10111,2025-07-20,VEND-022,INV-99393,2000,3336.09,0.0825,APPROVED,275.23,3611.32
TXN-10112,2025-11-24,VEND-006,INV-71212,1200,2016.2,0.0825,APPROVED,166.34,2182.54
TXN-10113,2025-09-25,VEND-013,INV-25398,6200,12864.09,0.0825,APPROVED,1061.29,13925.380000000001
TXN-10114,2025-02-02,VEND-015,INV-66503,4000,8651.56,0.0825,APPROVED,713.75,9365.31
TXN-10115,2025-02-17,VEND-004,INV-16638,4000,1191.95,0.0825,APPROVED,98.34,1290.29
TXN-10116,2025-03-03,VEND-013,INV-16570,1010,5769.58,0.0825,APPROVED,475.99,6245.57
TXN-10117,2025-08-04,VEND-024,INV-78785,5000,5547.62,0.0825,APPROVED,457.68,6005.3
TXN-10118,2025-10-20,VEND-020,INV-19110,7000,2767.0,0.0825,APPROVED,228.28,2995.28
TXN-10119,2025-04-09,VEND-024,INV-89141,1200,6560.84,0.0825,PENDING,541.27,7102.110000000001
TXN-10120,2025-06-21,VEND-015,INV-22115,6100,5014.89,0.0825,APPROVED,413.73,5428.620000000001
TXN-10121,2025-12-26,VEND-008,INV-49062,2000,5159.97,0.0825,APPROVED,425.7,5585.67
TXN-10122,2025-08-02,VEND-005,INV-32911,4000,11098.45,0.0825,APPROVED,915.62,12014.070000000002
TXN-10123,2025-02-04,VEND-015,INV-42556,4000,3387.79,0.0825,APPROVED,279.49,3667.2799999999997
TXN-10124,2025-08-15,VEND-004,INV-88131,6100,9645.81,0.0825,APPROVED,795.78,10441.59
TXN-10125,2025-04-11,VEND-012,INV-11969,1200,8581.21,0.0825,APPROVED,707.95,9289.16
TXN-10126,2025-05-11,VEND-013,INV-53753,7000,8542.98,0.0825,APPROVED,704.8,9247.779999999999
TXN-10127,2025-09-14,VEND-002,INV-92811,5000,9961.96,0.0825,APPROVED,821.86,10783.82
TXN-10128,2025-01-05,VEND-019,INV-14470,4000,8248.31,0.0825,APPROVED,680.49,8928.8
TXN-10129,2025-08-06,VEND-019,INV-20225,7000,13194.86,0.0825,APPROVED,1088.58,14283.44
TXN-10130,2025-09-12,VEND-004,INV-33196,1200,10149.92,0.0825,APPROVED,837.37,10987.29
TXN-10131,2025-12-25,VEND-004,INV-23669,6100,8227.1,0.0825,APPROVED,678.74,8905.84
TXN-10132,2025-10-10,VEND-011,INV-47380,1010,12454.96,0.0825,REJECTED,1027.53,13482.49
TXN-10133,2025-07-26,VEND-005,INV-58320,5000,9111.89,0.0825,APPROVED,751.73,9863.619999999999
TXN-10134,2025-01-15,VEND-020,INV-57414,2000,4402.61,0.0825,REJECTED,363.22,4765.83
TXN-10135,2025-12-12,VEND-011,INV-25577,4000,3146.07,0.0825,PENDING,259.55,3405.6200000000003
TXN-10136,2025-02-11,VEND-010,INV-98009,1200,2327.3,0.0825,APPROVED,192.0,2519.3
TXN-10137,2025-06-28,VEND-008,INV-65409,1010,13496.86,0.0825,APPROVED,1113.49,14610.35
TXN-10138,2025-03-04,VEND-006,INV-38625,2000,10666.52,0.0825,APPROVED,879.99,11546.51
TXN-10139,2025-12-18,VEND-006,INV-91040,6200,14063.81,0.0825,APPROVED,1160.26,15224.07
TXN-10140,2025-08-19,VEND-008,INV-34089,1200,9069.21,0.0825,APPROVED,748.21,9817.419999999998
TXN-10141,2025-08-29,VEND-023,INV-46487,1200,7127.34,0.0825,APPROVED,588.01,7715.35
TXN-10142,2025-02-21,VEND-015,INV-75838,2000,942.76,0.0825,APPROVED,77.78,1020.54
TXN-10143,2025-04-06,VEND-014,INV-60138,1010,10091.05,0.0825,APPROVED,832.51,10923.56
TXN-10144,2025-08-10,VEND-011,INV-52823,6200,8754.02,0.0825,PENDING,722.21,9476.23
TXN-10145,2025-08-19,VEND-012,INV-47208,7000,14853.62,0.0825,APPROVED,1225.42,16079.04
TXN-10146,2025-08-25,VEND-013,INV-64061,7000,3625.42,0.0825,APPROVED,299.1,3924.52
TXN-10147,2025-05-23,VEND-008,INV-40659,6100,7984.52,0.0825,APPROVED,658.72,8643.24
TXN-10148,2025-06-20,VEND-018,INV-41890,1010,9781.81,0.0825,PENDING,807.0,10588.81
TXN-10149,2025-01-29,VEND-025,INV-89134,5000,9686.64,0.0825,APPROVED,799.15,10485.789999999999
TXN-10150,2025-02-05,VEND-001,INV-57055,4000,8441.34,0.0825,APPROVED,696.41,9137.75
TXN-10151,2025-01-13,VEND-015,INV-29508,2000,11665.07,0.0825,APPROVED,962.37,12627.44
TXN-10152,2025-06-09,VEND-008,INV-52287,6100,3114.47,0.0825,APPROVED,256.94,3371.41
TXN-10153,2025-11-23,VEND-011,INV-88916,6200,10898.13,0.0825,APPROVED,899.1,11797.23
TXN-10154,2025-07-06,VEND-012,INV-36984,2000,9315.03,0.0825,PENDING,768.49,10083.52
TXN-10155,2025-08-31,VEND-012,INV-18125,2000,13446.32,0.0825,APPROVED,1109.32,14555.64
TXN-10156,2025-03-27,VEND-004,INV-46059,1010,12715.56,0.0825,APPROVED,1049.03,13764.59
TXN-10157,2025-10-11,VEND-016,INV-79569,4000,4761.45,0.0825,PENDING,392.82,5154.2699999999995
TXN-10158,2025-03-07,VEND-004,INV-27087,5000,4179.75,0.0825,APPROVED,344.83,4524.58
TXN-10159,2025-06-19,VEND-005,INV-15704,7000,14725.72,0.0825,APPROVED,1214.87,15940.59
TXN-10160,2025-02-14,VEND-024,INV-70576,1200,7932.61,0.0825,PENDING,654.44,8587.05
TXN-10161,2025-03-03,VEND-005,INV-83384,1200,13600.99,0.0825,APPROVED,1122.08,14723.07
TXN-10162,2025-05-14,VEND-008,INV-97128,2000,2500.02,0.0825,APPROVED,206.25,2706.27
TXN-10163,2025-10-11,VEND-010,INV-82460,7000,9660.14,0.0825,APPROVED,796.96,10457.099999999999
TXN-10164,2025-01-28,VEND-017,INV-37208,7000,12157.41,0.0825,APPROVED,1002.99,13160.4
TXN-10165,2025-04-18,VEND-009,INV-95150,4000,14213.56,0.0825,APPROVED,1172.62,15386.18
TXN-10166,2025-02-13,VEND-022,INV-76024,6200,5093.24,0.0825,APPROVED,420.19,5513.429999999999
TXN-10167,2025-12-06,VEND-019,INV-49882,6200,10888.47,0.0825,APPROVED,898.3,11786.769999999999
TXN-10168,2025-10-13,VEND-014,INV-35923,6100,8105.25,0.0825,PENDING,668.68,8773.93
TXN-10169,2025-11-27,VEND-008,INV-39165,1010,956.4,0.0825,APPROVED,78.9,1035.3
TXN-10170,2025-05-08,VEND-009,INV-77203,4000,10365.5,0.0825,PENDING,855.15,11220.65
TXN-10171,2025-12-14,VEND-022,INV-14114,4000,10366.94,0.0825,APPROVED,855.27,11222.210000000001
TXN-10172,2025-08-19,VEND-011,INV-74965,1010,13962.57,0.0825,APPROVED,1151.91,15114.48
TXN-10173,2025-07-09,VEND-023,INV-46321,7000,7484.82,0.0825,APPROVED,617.5,8102.32
TXN-10174,2025-08-13,VEND-001,INV-83297,6200,3492.25,0.0825,APPROVED,288.11,3780.36
TXN-10175,2025-10-10,VEND-014,INV-35426,6200,716.23,0.0825,APPROVED,59.09,775.32
TXN-10176,2025-05-01,VEND-005,INV-27772,7000,6263.85,0.0825,PENDING,516.77,6780.620000000001
TXN-10177,2025-04-26,VEND-021,INV-13712,6200,4563.65,0.0825,APPROVED,376.5,4940.15
TXN-10178,2025-08-21,VEND-014,INV-11367,2000,11428.27,0.0825,APPROVED,942.83,12371.1
TXN-10179,2025-09-16,VEND-004,INV-61924,4000,5346.3,0.0825,APPROVED,441.07,5787.37
TXN-10180,2025-12-25,VEND-022,INV-13726,1200,14238.61,0.0825,APPROVED,1174.69,15413.300000000001
TXN-10181,2025-07-17,VEND-023,INV-99152,1010,14436.54,0.0825,APPROVED,1191.01,15627.550000000001
TXN-10182,2025-05-17,VEND-025,INV-37723,6200,9332.58,0.0825,APPROVED,769.94,10102.52
TXN-10183,2025-11-14,VEND-001,INV-19108,6100,13933.47,0.0825,APPROVED,1149.51,15082.98
TXN-10184,2025-06-14,VEND-022,INV-87714,6200,11424.77,0.0825,APPROVED,942.54,12367.310000000001
TXN-10185,2025-08-13,VEND-023,INV-45643,6200,8225.55,0.0825,APPROVED,678.61,8904.16
TXN-10186,2025-11-03,VEND-019,INV-41324,5000,2745.6,0.0825,APPROVED,226.51,2972.1099999999997
TXN-10187,2025-08-22,VEND-008,INV-93360,2000,6906.04,0.0825,APPROVED,569.75,7475.79
TXN-10188,2025-06-21,VEND-015,INV-18927,1010,8435.07,0.0825,PENDING,695.89,9130.96
TXN-10189,2025-06-01,VEND-021,INV-32443,5000,12966.23,0.0825,APPROVED,1069.71,14035.939999999999
TXN-10190,2025-11-11,VEND-015,INV-89973,5000,7245.93,0.0825,APPROVED,597.79,7843.72
TXN-10191,2025-06-09,VEND-009,INV-73449,6100,13470.24,0.0825,APPROVED,1111.29,14581.529999999999
TXN-10192,2025-04-06,VEND-021,INV-86743,4000,10131.52,0.0825,APPROVED,835.85,10967.37
TXN-10193,2025-08-21,VEND-009,INV-70233,6100,2098.14,0.0825,PENDING,173.1,2271.24
TXN-10194,2025-06-29,VEND-010,INV-35537,4000,14924.97,0.0825,APPROVED,1231.31,16156.279999999999
TXN-10195,2025-04-23,VEND-020,INV-87576,4000,7932.13,0.0825,APPROVED,654.4,8586.53
TXN-10196,2025-11-14,VEND-025,INV-32612,1010,5908.28,0.0825,APPROVED,487.43,6395.71
TXN-10197,2025-02-21,VEND-021,INV-16471,6200,9903.75,0.0825,APPROVED,817.06,10720.81
TXN-10198,2025-09-25,VEND-009,INV-45631,1010,1677.96,0.0825,APPROVED,138.43,1816.39
TXN-10199,2025-10-22,VEND-003,INV-41348,2000,9566.25,0.0825,APPROVED,789.22,10355.47
TXN-10200,2025-04-23,VEND-020,INV-74732,4000,250000.0,0.0825,APPROVED,618.64,270625.0
TXN-10201,2025-04-11,VEND-025,INV-11177,5000,500000.0,0.0825,APPROVED,505.71,541250.0
TXN-10202,2025-04-23,VEND-011,INV-14760,6200,1200000.0,0.0825,APPROVED,1179.56,1299000.0
TXN-10203,2025-03-22,VEND-006,INV-42779,1200,850000.0,0.0825,PENDING,648.61,920125.0
TXN-10204,2025-07-06,VEND-002,INV-31636,2000,3325.81,0.0825,APPROVED,274.38,3600.19
TXN-10205,2025-04-23,VEND-007,INV-91889,1010,6911.5,0.0825,APPROVED,570.2,7481.7
TXN-10206,2025-01-02,VEND-018,INV-63551,6100,13794.84,0.0825,APPROVED,1138.07,14932.91
TXN-10207,2025-05-10,VEND-002,INV-21556,2000,2682.63,0.0825,PENDING,221.32,2903.9500000000003
TXN-10208,2025-08-08,VEND-017,INV-37598,2000,3248.66,0.0825,APPROVED,268.01,3516.67
TXN-10209,2025-02-23,VEND-011,INV-21563,6200,244.79,0.0825,PENDING,20.2,264.99
TXN-10210,2025-12-09,VEND-012,INV-56819,2000,262.14,0.0825,APPROVED,21.63,283.77
TXN-10211,2025-08-12,VEND-019,INV-83770,2000,12449.4,0.0825,APPROVED,1027.08,13476.48
TXN-10212,2025-08-13,VEND-022,INV-36966,1200,10995.23,0.0825,APPROVED,907.11,11902.34
TXN-10213,2025-05-06,VEND-024,INV-91709,7000,5357.86,0.0825,APPROVED,442.02,5799.879999999999
TXN-10214,2025-05-10,VEND-025,INV-69889,6100,10489.75,0.0825,APPROVED,865.4,11355.15
TXN-10215,2025-02-22,VEND-007,INV-36987,6100,5958.33,0.0825,APPROVED,491.56,6449.89
TXN-10216,2025-06-21,VEND-020,INV-88714,6100,14295.81,0.0825,APPROVED,1179.4,15475.21
TXN-10217,2025-08-06,VEND-006,INV-68348,4000,14507.44,0.0825,APPROVED,1196.86,15704.300000000001
TXN-10218,2025-06-09,VEND-021,INV-34596,5000,5922.27,0.0825,APPROVED,488.59,6410.860000000001
TXN-10219,2025-07-17,VEND-024,INV-43174,7000,12820.62,0.0825,APPROVED,1057.7,13878.320000000002
TXN-10220,2025-09-04,VEND-001,INV-74106,6100,11607.68,0.0825,APPROVED,957.63,12565.31
TXN-10221,2025-11-20,VEND-017,INV-79967,2000,4684.5,0.0825,APPROVED,386.47,5070.97
TXN-10222,2025-07-22,VEND-011,INV-69182,2000,3519.0,0.0825,APPROVED,290.32,3809.32
TXN-10223,2025-07-03,VEND-022,INV-97163,6100,6900.61,0.0825,APPROVED,569.3,7469.91
TXN-10224,2025-05-03,VEND-018,INV-49310,6200,11731.17,0.0825,REJECTED,967.82,12698.99
TXN-10225,2025-09-12,VEND-021,INV-66088,6100,14404.51,0.0825,APPROVED,1188.37,15592.880000000001
TXN-10226,2025-10-21,VEND-017,INV-18906,2000,11465.51,0.0825,APPROVED,945.9,12411.41
TXN-10227,2025-10-07,VEND-007,INV-46914,4000,12835.34,0.0825,APPROVED,1058.92,13894.26
TXN-10228,2025-11-21,VEND-017,INV-55379,1010,9065.81,0.0825,PENDING,747.93,9813.74
TXN-10229,2025-04-08,VEND-020,INV-88612,1010,12539.35,0.0825,APPROVED,1034.5,13573.85
TXN-10230,2025-07-17,VEND-009,INV-47650,7000,11777.09,0.0825,APPROVED,971.61,12748.7
TXN-10231,2025-08-28,VEND-017,INV-56881,7000,5685.93,0.0825,PENDING,469.09,6155.02
TXN-10232,2025-05-24,VEND-020,INV-56413,6100,8302.26,0.0825,APPROVED,684.94,8987.2
TXN-10233,2025-04-07,VEND-022,INV-16012,1200,12081.06,0.0825,APPROVED,996.69,13077.75
TXN-10234,2025-07-20,VEND-022,INV-60115,6100,738.55,0.0825,APPROVED,60.93,799.4799999999999
TXN-10235,2025-05-04,VEND-008,INV-17151,6200,12130.79,0.0825,APPROVED,1000.79,13131.580000000002
TXN-10236,2025-07-06,VEND-017,INV-67716,6100,2709.43,0.0825,APPROVED,223.53,2932.96
TXN-10237,2025-11-22,VEND-007,INV-46378,7000,7744.52,0.0825,APPROVED,638.92,8383.44
TXN-10238,2025-12-15,VEND-001,INV-52652,1010,12133.72,0.0825,APPROVED,1001.03,13134.75
TXN-10239,2025-09-16,VEND-013,INV-82430,2000,3844.63,0.0825,PENDING,317.18,4161.81
TXN-10240,2025-05-28,VEND-023,INV-23467,6100,3724.82,0.0825,APPROVED,307.3,4032.1200000000003
TXN-10241,2025-09-09,VEND-019,INV-41010,2000,6071.33,0.0825,APPROVED,500.88,6572.21
TXN-10242,2025-12-12,VEND-024,INV-64691,2000,13424.91,0.0825,APPROVED,1107.56,14532.47
TXN-10243,2025-05-27,VEND-019,INV-74157,1200,56.62,0.0825,APPROVED,4.67,61.29
TXN-10244,2025-05-28,VEND-017,INV-22289,2000,13525.68,0.0825,APPROVED,1115.87,14641.55
TXN-10245,2025-12-18,VEND-013,INV-54976,1010,2349.42,0.0825,APPROVED,193.83,2543.25
TXN-10246,2025-07-18,VEND-016,INV-53596,4000,14851.79,0.0825,APPROVED,1225.27,16077.060000000001
TXN-10247,2025-11-04,VEND-008,INV-33171,4000,14324.96,0.0825,APPROVED,1181.81,15506.769999999999
TXN-10248,2025-05-08,VEND-019,INV-96365,5000,7445.39,0.0825,APPROVED,614.24,8059.63
TXN-10249,2025-02-08,VEND-018,INV-54139,6200,7715.17,0.0825,APPROVED,636.5,8351.67
TXN-10250,2025-12-04,VEND-001,INV-58713,6100,7249.16,0.0825,APPROVED,598.06,7847.219999999999
TXN-10251,2025-12-26,VEND-014,INV-39734,6200,9549.88,0.0825,APPROVED,787.87,10337.75
TXN-10252,2025-05-09,VEND-019,INV-82588,1010,1406.29,0.0825,APPROVED,116.02,1522.31
TXN-10253,2025-09-24,VEND-015,INV-73646,2000,537.64,0.0825,PENDING,44.36,582.0
TXN-10254,2025-05-31,VEND-018,INV-13654,4000,912.66,0.0825,APPROVED,75.29,987.9499999999999
TXN-10255,2025-10-25,VEND-002,INV-99022,6200,6693.26,0.0825,APPROVED,552.19,7245.450000000001
TXN-10256,2025-04-09,VEND-022,INV-28743,1010,4169.44,0.0825,APPROVED,343.98,4513.42
TXN-10257,2025-09-20,VEND-017,INV-58368,4000,9349.49,0.0825,APPROVED,771.33,10120.82
TXN-10258,2025-09-09,VEND-018,INV-84172,2000,14887.01,0.0825,APPROVED,1228.18,16115.19
TXN-10259,2025-05-24,VEND-006,INV-16441,6200,5825.53,0.0825,PENDING,480.61,6306.139999999999
TXN-10260,2025-12-12,VEND-019,INV-34611,4000,8628.93,0.0825,APPROVED,711.89,9340.82
TXN-10261,2025-04-22,VEND-004,INV-22149,6100,6263.28,0.0825,APPROVED,516.72,6780.0
TXN-10262,2025-03-01,VEND-001,INV-69189,7000,12716.71,0.0825,APPROVED,1049.13,13765.84
TXN-10263,2025-01-02,VEND-008,INV-31675,6100,13538.43,0.0825,APPROVED,1116.92,14655.35
TXN-10264,2025-10-31,VEND-023,INV-81031,5000,13166.47,0.0825,APPROVED,1086.23,14252.699999999999
TXN-10265,2025-09-11,VEND-007,INV-52668,5000,14616.86,0.0825,APPROVED,1205.89,15822.75
TXN-10266,2025-05-20,VEND-003,INV-23673,4000,461.41,0.0825,APPROVED,38.07,499.48
TXN-10267,2025-02-06,VEND-010,INV-86666,7000,12605.25,0.0825,APPROVED,1039.93,13645.18
TXN-10268,2025-06-09,VEND-010,INV-98204,1010,11288.99,0.0825,APPROVED,931.34,12220.33
TXN-10269,2025-01-09,VEND-019,INV-90758,6100,3468.98,0.0825,APPROVED,286.19,3755.17
TXN-10270,2025-08-21,VEND-014,INV-75429,1010,14346.99,0.0825,PENDING,1183.63,15530.619999999999
TXN-10271,2025-04-09,VEND-002,INV-33669,7000,2265.26,0.0825,APPROVED,186.88,2452.1400000000003
TXN-10272,2025-05-27,VEND-001,INV-44068,1010,10209.27,0.0825,APPROVED,842.26,11051.53
TXN-10273,2025-10-31,VEND-023,INV-98789,7000,3412.11,0.0825,APPROVED,281.5,3693.61
TXN-10274,2025-07-27,VEND-023,INV-19435,4000,6499.14,0.0825,PENDING,536.18,7035.320000000001
TXN-10275,2025-05-11,VEND-018,INV-62249,1010,10801.44,0.0825,REJECTED,891.12,11692.560000000001
TXN-10276,2025-06-01,VEND-007,INV-47384,6100,8471.7,0.0825,APPROVED,698.92,9170.62
TXN-10277,2025-02-23,VEND-008,INV-91929,2000,6441.15,0.0825,APPROVED,531.39,6972.54
TXN-10278,2025-04-30,VEND-001,INV-86153,5000,4928.76,0.0825,APPROVED,406.62,5335.38
TXN-10279,2025-06-10,VEND-025,INV-85388,2000,12602.91,0.0825,APPROVED,1039.74,13642.65
TXN-10280,2025-04-26,VEND-023,INV-41401,1010,2200.02,0.0825,APPROVED,181.5,2381.52
TXN-10281,2025-03-16,VEND-003,INV-81831,2000,6480.04,0.0825,APPROVED,534.6,7014.64
TXN-10282,2025-04-23,VEND-024,INV-44084,6100,13561.18,0.0825,APPROVED,1118.8,14679.98
TXN-10283,2025-04-14,VEND-023,INV-65826,6100,12695.45,0.0825,APPROVED,1047.37,13742.82
TXN-10284,2025-12-06,VEND-008,INV-46451,1010,6044.08,0.0825,APPROVED,498.64,6542.72
TXN-10285,2025-09-11,VEND-022,INV-17227,4000,11458.47,0.0825,PENDING,945.32,12403.789999999999
TXN-10286,2025-08-15,VEND-025,INV-41910,2000,12356.25,0.0825,APPROVED,1019.39,13375.64
TXN-10287,2025-04-22,VEND-015,INV-46041,4000,13338.87,0.0825,APPROVED,1100.46,14439.330000000002
TXN-10288,2025-04-09,VEND-005,INV-98920,4000,8190.36,0.0825,APPROVED,675.7,8866.06
TXN-10289,2025-06-02,VEND-003,INV-75681,7000,3106.69,0.0825,APPROVED,256.3,3362.9900000000002
TXN-10290,2025-12-15,VEND-019,INV-91571,1200,3866.87,0.0825,APPROVED,319.02,4185.889999999999
TXN-10291,2025-12-04,VEND-001,INV-75481,1010,4470.64,0.0825,APPROVED,368.83,4839.47
TXN-10292,2025-07-13,VEND-015,INV-78576,5000,8927.35,0.0825,REJECTED,736.51,9663.86
TXN-10293,2025-11-06,VEND-008,INV-74174,6100,540.5,0.0825,APPROVED,44.59,585.09
TXN-10294,2025-06-12,VEND-002,INV-36160,6100,9558.83,0.0825,APPROVED,788.6,10347.43
TXN-10295,2025-07-27,VEND-003,INV-27633,1010,5497.1,0.0825,APPROVED,453.51,5950.610000000001
TXN-10296,2025-06-18,VEND-024,INV-27014,7000,4463.86,0.0825,APPROVED,368.27,4832.129999999999
TXN-10297,2025-06-10,VEND-014,INV-90532,6200,13198.47,0.0825,APPROVED,1088.87,14287.34
TXN-10298,2025-03-09,VEND-024,INV-59104,6200,6927.04,0.0825,APPROVED,571.48,7498.52
TXN-10299,2025-10-16,VEND-014,INV-51621,6200,1471.04,0.0825,APPROVED,121.36,1592.3999999999999
TXN-10300,2027-06-15,VEND-011,INV-87231,7000,12409.86,0.0825,APPROVED,1023.81,13433.67
TXN-10301,2027-06-15,VEND-016,INV-78388,5000,762.24,0.0825,APPROVED,62.88,825.12
TXN-10302,2027-06-15,VEND-004,INV-26014,6100,10914.9,0.0825,APPROVED,900.48,11815.38
TXN-10303,2027-06-15,VEND-020,INV-43755,1010,11619.9,0.0825,APPROVED,958.64,12578.539999999999
TXN-10304,2027-06-15,VEND-005,INV-50390,7000,5321.41,0.0825,APPROVED,439.02,5760.43
TXN-10305,2027-06-15,VEND-022,INV-33711,6100,12380.58,0.0825,APPROVED,1021.4,13401.98
TXN-10306,2025-06-25,VEND-021,INV-67993,4000,7759.11,0.0825,APPROVED,640.13,8399.24
TXN-10307,2025-01-22,VEND-014,INV-84696,2000,6976.24,0.0825,PENDING,575.54,7551.78
TXN-10308,2025-08-26,VEND-023,INV-37213,2000,728.78,0.0825,APPROVED,60.12,788.9
TXN-10309,2025-06-07,VEND-016,INV-67784,7000,4385.94,0.0825,APPROVED,361.84,4747.78
TXN-10310,2025-02-07,VEND-018,INV-17421,6100,13968.6,0.0825,PENDING,1152.41,15121.01
TXN-10311,2025-08-18,VEND-007,INV-96936,1200,5907.77,0.0825,APPROVED,487.39,6395.160000000001
TXN-10312,2025-12-31,VEND-010,INV-27727,5000,8223.17,0.0825,APPROVED,678.41,8901.58
TXN-10313,2025-02-20,VEND-007,INV-14358,6200,8003.72,0.0825,APPROVED,660.31,8664.03
TXN-10314,2025-09-21,VEND-001,INV-75108,5000,8876.94,0.0825,APPROVED,732.35,9609.29
TXN-10315,2025-10-10,VEND-023,INV-42117,5000,966.9,0.0825,APPROVED,79.77,1046.67
TXN-10316,2025-01-27,VEND-021,INV-98700,7000,5464.54,0.0825,APPROVED,450.82,5915.36
TXN-10317,2025-08-14,VEND-019,INV-41910,4000,10860.77,0.0825,APPROVED,896.01,11756.78
TXN-10318,2025-10-04,VEND-016,INV-65754,5000,3048.38,0.0825,APPROVED,251.49,3299.87
TXN-10319,2025-10-13,VEND-019,INV-72438,2000,3093.5,0.0825,PENDING,255.21,3348.71
TXN-10320,2025-04-07,VEND-004,INV-39371,4000,200.85,0.0825,APPROVED,16.57,217.42
TXN-10321,2025-10-11,VEND-018,INV-61501,1010,6590.35,0.0825,PENDING,543.7,7134.05
TXN-10322,2025-11-13,VEND-002,INV-70946,5000,13246.88,0.0825,APPROVED,1092.87,14339.75
TXN-10323,2025-10-31,VEND-001,INV-48467,5000,825.92,0.0825,APPROVED,68.14,894.06
TXN-10324,2025-05-27,VEND-015,INV-27625,1010,2907.22,0.0825,APPROVED,239.85,3147.0699999999997
TXN-10325,2025-01-04,VEND-005,INV-43893,5000,4685.76,0.0825,APPROVED,386.58,5072.34
TXN-10326,2025-02-04,VEND-020,INV-86329,1010,10989.28,0.0825,APPROVED,906.62,11895.900000000001
TXN-10327,2025-07-11,VEND-011,INV-41007,4000,9627.5,0.0825,APPROVED,794.27,10421.77
TXN-10328,2025-02-18,VEND-010,INV-49532,2000,6268.36,0.0825,APPROVED,517.14,6785.5
TXN-10329,2025-01-17,VEND-002,INV-64253,1010,11398.08,0.0825,PENDING,940.34,12338.42
TXN-10330,2025-06-21,VEND-003,INV-22323,1200,9163.98,0.0825,APPROVED,756.03,9920.01
TXN-10331,2025-08-08,VEND-023,INV-83379,7000,13445.81,0.0825,APPROVED,1109.28,14555.09
TXN-10332,2025-06-07,VEND-023,INV-24210,7000,12279.5,0.0825,APPROVED,1013.06,13292.56
TXN-10333,2025-02-15,VEND-012,INV-26456,1010,3829.56,0.0825,APPROVED,315.94,4145.5
TXN-10334,2025-01-06,VEND-020,INV-41367,7000,4108.01,0.0825,APPROVED,338.91,4446.92
TXN-10335,2025-04-09,VEND-005,INV-64624,5000,1924.08,0.0825,APPROVED,158.74,2082.8199999999997
TXN-10336,2025-08-21,VEND-005,INV-20106,6200,5087.62,0.0825,APPROVED,419.73,5507.35
TXN-10337,2025-02-06,VEND-006,INV-78008,6200,14993.18,0.0825,REJECTED,1236.94,16230.12
TXN-10338,2025-10-07,VEND-009,INV-82240,7000,6115.98,0.0825,APPROVED,504.57,6620.549999999999
TXN-10339,2025-12-15,VEND-002,INV-74315,4000,3346.3,0.0825,APPROVED,276.07,3622.3700000000003
TXN-10340,2025-10-29,VEND-021,INV-79249,6100,11449.12,0.0825,APPROVED,944.55,12393.67
TXN-10341,2025-06-30,VEND-012,INV-80587,4000,8159.94,0.0825,APPROVED,673.2,8833.14
TXN-10342,2025-04-05,VEND-003,INV-20756,6100,2286.54,0.0825,APPROVED,188.64,2475.18
TXN-10343,2025-04-09,VEND-020,INV-78011,6200,5741.31,0.0825,APPROVED,473.66,6214.97
TXN-10344,2025-07-07,VEND-022,INV-46378,6200,6246.32,0.0825,PENDING,515.32,6761.639999999999
TXN-10345,2025-04-26,VEND-012,INV-14255,1010,11319.75,0.0825,APPROVED,933.88,12253.63
TXN-10346,2025-07-10,VEND-024,INV-24484,2000,359.04,0.0825,APPROVED,29.62,388.66
TXN-10347,2025-09-10,VEND-017,INV-66549,1200,4071.84,0.0825,PENDING,335.93,4407.77
TXN-10348,2025-06-10,VEND-010,INV-44503,4000,7788.06,0.0825,APPROVED,642.51,8430.57
TXN-10349,2025-09-13,VEND-024,INV-83794,5000,4069.26,0.0825,APPROVED,335.71,4404.97
TXN-10350,2025-11-19,VEND-014,INV-55113,6100,9445.09,0.0825,APPROVED,779.22,10224.31
TXN-10351,2025-05-08,VEND-023,INV-84069,7000,7253.92,0.0825,APPROVED,598.45,7852.37
TXN-10352,2025-01-18,VEND-017,INV-15249,5000,5457.57,0.0825,APPROVED,450.25,5907.82
TXN-10353,2025-10-08,VEND-018,INV-29201,2000,14240.67,0.0825,APPROVED,1174.86,15415.53
TXN-10354,2025-08-11,VEND-019,INV-68576,6100,9500.78,0.0825,APPROVED,783.81,10284.59
TXN-10355,2025-02-23,VEND-017,INV-19686,4000,1992.62,0.0825,APPROVED,164.39,2157.0099999999998
TXN-10356,2025-02-27,VEND-014,INV-63363,1010,8423.37,0.0825,APPROVED,694.93,9118.300000000001
TXN-10357,2025-11-19,VEND-009,INV-10661,5000,11721.94,0.0825,APPROVED,967.06,12689.0
TXN-10358,2025-12-26,VEND-008,INV-54843,2000,10641.92,0.0825,APPROVED,877.96,11519.880000000001
TXN-10359,2025-06-23,VEND-002,INV-70963,4000,2622.73,0.0825,APPROVED,216.38,2839.11
TXN-10360,2025-10-07,VEND-013,INV-52828,6200,14587.68,0.0825,APPROVED,1203.48,15791.16
TXN-10361,2025-04-24,VEND-025,INV-58604,6200,6759.76,0.0825,APPROVED,557.68,7317.4400000000005
TXN-10362,2025-10-15,VEND-007,INV-20526,4000,2427.42,0.0825,APPROVED,200.26,2627.6800000000003
TXN-10363,2025-12-08,VEND-009,INV-78910,4000,2743.93,0.0825,PENDING,226.37,2970.2999999999997
TXN-10364,2025-05-31,VEND-022,INV-35592,4000,1518.61,0.0825,APPROVED,125.29,1643.8999999999999
TXN-10365,2025-05-07,VEND-022,INV-38982,6100,12062.6,0.0825,APPROVED,995.16,13057.76
TXN-10366,2025-06-04,VEND-011,INV-10207,4000,1874.36,0.0825,APPROVED,154.63,2028.9899999999998
TXN-10367,2025-09-30,VEND-014,INV-98733,5000,1920.62,0.0825,APPROVED,158.45,2079.0699999999997
TXN-10368,2025-04-14,VEND-004,INV-78619,2000,12764.55,0.0825,APPROVED,1053.08,13817.63
TXN-10369,2025-10-26,VEND-013,INV-39328,6100,5201.83,0.0825,PENDING,429.15,5630.98
TXN-10370,2025-09-03,VEND-002,INV-56479,4000,511.33,0.0825,APPROVED,42.18,553.51
TXN-10371,2025-06-25,VEND-023,INV-30103,1200,825.83,0.0825,APPROVED,68.13,893.96
TXN-10372,2025-02-08,VEND-005,INV-49891,7000,2175.45,0.0825,APPROVED,179.47,2354.9199999999996
TXN-10373,2025-06-19,VEND-011,INV-20754,1200,3240.23,0.0825,PENDING,267.32,3507.55
TXN-10374,2025-09-04,VEND-006,INV-91437,2000,9993.94,0.0825,APPROVED,824.5,10818.44
TXN-10375,2025-01-26,VEND-018,INV-82982,6200,2402.03,0.0825,PENDING,198.17,2600.2000000000003
TXN-10376,2025-12-21,VEND-021,INV-65922,1010,1827.17,0.0825,APPROVED,150.74,1977.91
TXN-10377,2025-11-02,VEND-010,INV-58231,1010,11482.55,0.0825,APPROVED,947.31,12429.859999999999
TXN-10378,2025-01-13,VEND-004,INV-39301,7000,10082.28,0.0825,APPROVED,831.79,10914.07
TXN-10379,2025-11-12,VEND-009,INV-72711,6200,6558.1,0.0825,APPROVED,541.04,7099.14
TXN-10380,2025-11-09,VEND-006,INV-51323,6100,8262.18,0.0825,APPROVED,681.63,8943.81
TXN-10381,2025-02-05,VEND-002,INV-28752,6100,4714.16,0.0825,APPROVED,388.92,5103.08
TXN-10382,2025-06-22,VEND-017,INV-92205,6100,7263.38,0.0825,APPROVED,599.23,7862.610000000001
TXN-10383,2025-01-20,VEND-005,INV-23395,1010,7624.76,0.0825,APPROVED,629.04,8253.8
TXN-10384,2025-11-17,VEND-025,INV-95957,1200,5839.2,0.0825,APPROVED,481.73,6320.93
TXN-10385,2025-09-21,VEND-006,INV-66273,1010,13603.25,0.0825,APPROVED,1122.27,14725.52
TXN-10386,2025-05-22,VEND-012,INV-14895,5000,290.12,0.0825,APPROVED,23.93,314.05
TXN-10387,2025-05-23,VEND-023,INV-86559,4000,11743.46,0.0825,APPROVED,968.84,12712.3
TXN-10388,2025-04-02,VEND-021,INV-20699,6100,1909.52,0.0825,APPROVED,157.54,2067.06
TXN-10389,2025-12-20,VEND-010,INV-75061,1200,11973.33,0.0825,APPROVED,987.8,12961.13
TXN-10390,2025-11-18,VEND-022,INV-19715,2000,9257.88,0.0825,APPROVED,763.78,10021.66
TXN-10391,2025-10-15,VEND-021,INV-29169,7000,12657.01,0.0825,APPROVED,1044.2,13701.210000000001
TXN-10392,2025-08-03,VEND-025,INV-26163,2000,1507.84,0.0825,APPROVED,124.4,1632.24
TXN-10393,2025-12-08,VEND-006,INV-15782,4000,8406.76,0.0825,APPROVED,693.56,9100.32
TXN-10394,2025-02-20,VEND-008,INV-98177,1200,7541.26,0.0825,APPROVED,622.15,8163.41
TXN-10395,2025-06-02,VEND-002,INV-94328,1010,10607.59,0.0825,APPROVED,875.13,11482.72
TXN-10396,2025-07-05,VEND-012,INV-45585,1010,8037.64,0.0825,APPROVED,663.11,8700.75
TXN-10397,2025-03-04,VEND-013,INV-40682,5000,8133.98,0.0825,APPROVED,671.05,8805.029999999999
TXN-10398,2025-07-09,VEND-025,INV-57864,5000,6472.46,0.0825,APPROVED,533.98,7006.4400000000005
TXN-10399,2025-05-05,VEND-021,INV-94416,1010,4667.07,0.0825,APPROVED,385.03,5052.099999999999
TXN-10400,2025-05-30,VEND-007,INV-65114,2000,7259.85,0.0825,APPROVED,598.94,7858.790000000001
TXN-10401,2025-11-10,VEND-010,INV-48067,7000,1821.46,0.0825,APPROVED,150.27,1971.73
TXN-10402,2025-02-27,VEND-013,INV-52685,6100,14424.62,0.0825,APPROVED,1190.03,15614.650000000001
TXN-10403,2025-12-08,VEND-017,INV-28073,2000,10730.44,0.0825,APPROVED,885.26,11615.7
TXN-10404,2025-11-01,VEND-021,INV-46035,7000,14289.38,0.0825,APPROVED,1178.87,15468.25
TXN-10405,2025-06-29,VEND-014,INV-74977,5000,3439.57,0.0825,PENDING,283.76,3723.33
TXN-10406,2025-06-19,VEND-002,INV-93362,4000,13196.15,0.0825,APPROVED,1088.68,14284.83
TXN-10407,2025-11-22,VEND-022,INV-75450,7000,12141.41,0.0825,APPROVED,1001.67,13143.08
TXN-10408,2025-09-28,VEND-011,INV-20382,1010,10173.43,0.0825,APPROVED,839.31,11012.74
TXN-10409,2025-02-23,VEND-001,INV-14437,5000,9394.19,0.0825,APPROVED,775.02,10169.210000000001
TXN-10410,2025-04-11,VEND-019,INV-80971,5000,4782.42,0.0825,APPROVED,394.55,5176.97
TXN-10411,2025-09-21,VEND-021,INV-74612,6100,12255.34,0.0825,APPROVED,1011.07,13266.41
TXN-10412,2025-02-22,VEND-004,INV-71929,1010,7547.66,0.0825,APPROVED,622.68,8170.34
TXN-10413,2025-03-01,VEND-019,INV-22329,6100,1109.83,0.0825,APPROVED,91.56,1201.3899999999999
TXN-10414,2025-04-18,VEND-021,INV-35169,1010,4727.3,0.0825,PENDING,390.0,5117.3
TXN-10415,2025-01-05,VEND-011,INV-97468,6100,14032.69,0.0825,APPROVED,1157.7,15190.390000000001
TXN-10416,2025-04-13,VEND-008,INV-44594,7000,12767.67,0.0825,APPROVED,1053.33,13821.0
TXN-10417,2025-07-15,VEND-011,INV-86957,2000,14729.49,0.0825,APPROVED,1215.18,15944.67
TXN-10418,2025-09-19,VEND-004,INV-70631,4000,9438.5,0.0825,APPROVED,778.68,10217.18
TXN-10419,2025-12-31,VEND-017,INV-55033,4000,3750.28,0.0825,APPROVED,309.4,4059.6800000000003
TXN-10420,2025-12-16,VEND-007,INV-73133,1010,2484.08,0.0825,APPROVED,204.94,2689.02
TXN-10421,2025-02-16,VEND-008,INV-83165,1200,2844.37,0.0825,APPROVED,234.66,3079.0299999999997
TXN-10422,2025-12-21,VEND-003,INV-83861,6200,345.95,0.0825,APPROVED,28.54,374.49
TXN-10423,2025-11-07,VEND-022,INV-62290,5000,5890.7,0.0825,APPROVED,485.98,6376.68
TXN-10424,2025-11-04,VEND-002,INV-41750,5000,2911.84,0.0825,APPROVED,240.23,3152.07
TXN-10425,2025-05-24,VEND-023,INV-50461,1010,6204.25,0.0825,APPROVED,511.85,6716.1
TXN-10426,2025-09-26,VEND-015,INV-83800,7000,14028.17,0.0825,REJECTED,1157.32,15185.49
TXN-10427,2025-05-04,VEND-024,INV-88222,6100,6486.58,0.0825,APPROVED,535.14,7021.72
TXN-10428,2025-04-16,VEND-022,INV-34226,1200,13175.87,0.0825,APPROVED,1087.01,14262.880000000001
TXN-10429,2025-06-07,VEND-022,INV-16721,2000,9102.3,0.0825,APPROVED,750.94,9853.24
TXN-10430,2025-05-27,VEND-005,INV-66154,6100,3744.62,0.0825,APPROVED,308.93,4053.5499999999997
TXN-10431,2025-05-25,VEND-024,INV-30609,6100,5370.03,0.0825,APPROVED,443.03,5813.0599999999995
TXN-10432,2025-04-30,VEND-001,INV-62130,1010,1304.6,0.0825,APPROVED,107.63,1412.23
TXN-10433,2025-11-15,VEND-004,INV-82909,1010,5035.27,0.0825,PENDING,415.41,5450.68
TXN-10434,2025-10-02,VEND-015,INV-65249,7000,10179.24,0.0825,APPROVED,839.79,11019.029999999999
TXN-10435,2025-04-02,VEND-020,INV-58895,5000,1128.06,0.0825,APPROVED,93.06,1221.12
TXN-10436,2025-02-27,VEND-019,INV-15656,1010,3120.75,0.0825,APPROVED,257.46,3378.21
TXN-10437,2025-12-12,VEND-003,INV-84520,1010,5752.54,0.0825,APPROVED,474.58,6227.12
TXN-10438,2025-08-17,VEND-020,INV-73740,1010,14731.64,0.0825,APPROVED,1215.36,15947.0
TXN-10439,2025-04-27,VEND-011,INV-74309,7000,11783.68,0.0825,APPROVED,972.15,12755.83
TXN-10440,2025-11-14,VEND-017,INV-39984,5000,11015.63,0.0825,APPROVED,908.79,11924.419999999998
TXN-10441,2025-10-06,VEND-013,INV-83822,2000,1787.05,0.0825,APPROVED,147.43,1934.48
TXN-10442,2025-05-07,VEND-011,INV-15901,2000,11725.89,0.0825,APPROVED,967.39,12693.279999999999
TXN-10443,2025-05-09,VEND-002,INV-41552,6200,11789.77,0.0825,REJECTED,972.66,12762.43
TXN-10444,2025-02-27,VEND-009,INV-41055,6200,9036.49,0.0825,APPROVED,745.51,9782.0
TXN-10445,2025-05-02,VEND-002,INV-47685,1010,14855.91,0.0825,APPROVED,1225.61,16081.52
TXN-10446,2025-01-01,VEND-021,INV-83965,6200,4912.55,0.0825,APPROVED,405.29,5317.84
TXN-10447,2025-08-27,VEND-009,INV-24716,5000,14122.02,0.0825,APPROVED,1165.07,15287.09
TXN-10448,2025-10-17,VEND-009,INV-21138,7000,13725.23,0.0825,APPROVED,1132.33,14857.56
TXN-10449,2025-04-06,VEND-008,INV-45298,2000,221.64,0.0825,APPROVED,18.29,239.92999999999998
TXN-10450,2025-05-06,VEND-017,INV-61112,6100,6779.24,0.0825,APPROVED,559.29,7338.53
TXN-10451,2025-04-28,VEND-001,INV-33429,2000,14657.71,0.0825,APPROVED,1209.26,15866.97
TXN-10452,2025-02-17,VEND-025,INV-60200,2000,1591.66,0.0825,APPROVED,131.31,1722.97
TXN-10453,2025-03-30,VEND-011,INV-81308,5000,8239.38,0.0825,REJECTED,679.75,8919.13
TXN-10454,2025-08-25,VEND-008,INV-58244,6200,14685.41,0.0825,APPROVED,1211.55,15896.96
TXN-10455,2025-09-29,VEND-010,INV-27347,6100,8354.66,0.0825,APPROVED,689.26,9043.92
TXN-10456,2025-07-08,VEND-025,INV-26920,5000,2887.74,0.0825,APPROVED,238.24,3125.9799999999996
TXN-10457,2025-07-11,VEND-007,INV-41822,1010,8753.64,0.0825,APPROVED,722.18,9475.82
TXN-10458,2025-03-10,VEND-003,INV-56659,7000,3106.39,0.0825,APPROVED,256.28,3362.67
TXN-10459,2025-10-05,VEND-003,INV-50108,4000,7819.58,0.0825,APPROVED,645.12,8464.7
TXN-10460,2025-12-15,VEND-018,INV-99099,2000,1156.93,0.0825,APPROVED,95.45,1252.38
TXN-10461,2025-09-04,VEND-005,INV-17967,4000,9101.97,0.0825,APPROVED,750.91,9852.88
TXN-10462,2025-03-17,VEND-012,INV-21871,7000,7776.01,0.0825,APPROVED,641.52,8417.53
TXN-10463,2025-06-03,VEND-012,INV-87452,7000,11115.41,0.0825,APPROVED,917.02,12032.43
TXN-10464,2025-05-24,VEND-019,INV-84270,5000,9478.97,0.0825,APPROVED,782.02,10260.99
TXN-10465,2025-03-27,VEND-006,INV-43613,5000,8266.61,0.0825,APPROVED,682.0,8948.61
TXN-10466,2025-07-04,VEND-002,INV-38179,5000,10362.19,0.0825,APPROVED,854.88,11217.07
TXN-10467,2025-10-12,VEND-012,INV-62188,4000,2201.93,0.0825,APPROVED,181.66,2383.5899999999997
TXN-10468,2025-08-08,VEND-019,INV-65099,5000,8950.63,0.0825,APPROVED,738.43,9689.06
TXN-10469,2025-03-10,VEND-005,INV-45262,7000,2623.05,0.0825,APPROVED,216.4,2839.4500000000003
TXN-10470,2025-02-16,VEND-012,INV-88213,1010,13886.56,0.0825,APPROVED,1145.64,15032.199999999999
TXN-10471,2025-04-04,VEND-017,INV-28268,5000,1071.59,0.0825,APPROVED,88.41,1160.0
TXN-10472,2025-08-26,VEND-017,INV-87866,1200,6484.1,0.0825,APPROVED,534.94,7019.040000000001
TXN-10473,2025-07-23,VEND-010,INV-96269,6200,10452.17,0.0825,APPROVED,862.3,11314.47
TXN-10474,2025-08-06,VEND-025,INV-70545,4000,6897.43,0.0825,APPROVED,569.04,7466.47
TXN-10475,2025-12-07,VEND-023,INV-82146,1200,1426.82,0.0825,APPROVED,117.71,1544.53
TXN-10476,2025-02-08,VEND-017,INV-81966,5000,8323.02,0.0825,APPROVED,686.65,9009.67
TXN-10477,2025-04-10,VEND-015,INV-49922,7000,9642.4,0.0825,APPROVED,795.5,10437.9
TXN-10478,2025-10-16,VEND-012,INV-89364,1010,10571.7,0.0825,APPROVED,872.17,11443.87
TXN-10479,2025-09-11,VEND-016,INV-52913,2000,5630.23,0.0825,APPROVED,464.49,6094.719999999999
TXN-10480,2025-08-10,VEND-024,INV-65677,6100,8476.72,0.0825,REJECTED,699.33,9176.05
TXN-10481,2025-12-23,VEND-019,INV-59841,6200,6787.76,0.0825,APPROVED,559.99,7347.75
TXN-10482,2025-01-23,VEND-008,INV-56332,6100,10097.24,0.0825,APPROVED,833.02,10930.26
TXN-10483,2025-09-07,VEND-021,INV-35032,5000,8774.18,0.0825,PENDING,723.87,9498.050000000001
TXN-10484,2025-01-10,VEND-017,INV-47846,6200,7910.06,0.0825,PENDING,652.58,8562.640000000001
TXN-10485,2025-09-03,VEND-023,INV-69474,6200,3780.39,0.0825,APPROVED,311.88,4092.27
TXN-10486,2025-11-21,VEND-005,INV-54936,1010,80.18,0.0825,APPROVED,6.61,86.79
TXN-10487,2025-04-10,VEND-022,INV-39794,6200,2652.52,0.0825,APPROVED,218.83,2871.35
TXN-10488,2025-10-17,VEND-016,INV-71588,4000,1800.14,0.0825,APPROVED,148.51,1948.65
TXN-10489,2025-06-29,VEND-006,INV-80984,1200,6763.82,0.0825,APPROVED,558.02,7321.84
TXN-10490,2025-08-11,VEND-008,INV-60331,1200,9203.26,0.0825,APPROVED,759.27,9962.53
TXN-10491,2025-09-07,VEND-025,INV-38141,1200,3235.62,0.0825,APPROVED,266.94,3502.56
TXN-10492,2025-05-27,VEND-018,INV-19074,4000,14088.9,0.0825,PENDING,1162.33,15251.23
TXN-10493,2025-04-06,VEND-025,INV-16406,6100,149.9,0.0825,APPROVED,12.37,162.27
TXN-10494,2025-09-14,VEND-012,INV-33291,1010,11595.9,0.0825,APPROVED,956.66,12552.56
TXN-10495,2025-11-21,VEND-015,INV-51568,6200,9396.81,0.0825,APPROVED,775.24,10172.05
TXN-10496,2025-01-04,VEND-009,INV-56851,4000,5634.64,0.0825,APPROVED,464.86,6099.5
TXN-10497,2025-01-16,VEND-013,INV-64823,1200,804.81,0.0825,APPROVED,66.4,871.2099999999999
TXN-10498,2025-10-07,VEND-015,INV-33312,5000,9430.92,0.0825,APPROVED,778.05,10208.97
TXN-10499,2025-12-02,VEND-010,INV-53108,2000,5814.92,0.0825,APPROVED,479.73,6294.65
TXN-10500,2025-09-04,VEND-016,INV-76918,6200,14047.19,0.0825,APPROVED,1158.89,15206.08
TXN-10501,2025-09-15,VEND-007,INV-44171,4000,8152.75,0.0825,APPROVED,672.6,8825.35
TXN-10502,2025-06-09,VEND-017,INV-51779,7000,14097.79,0.0825,REJECTED,1163.07,15260.86
TXN-10503,2025-12-06,VEND-023,INV-78828,4000,3346.23,0.0825,APPROVED,276.06,3622.29
TXN-10504,2025-06-01,VEND-021,INV-22411,1010,10899.6,0.0825,APPROVED,899.22,11798.82
TXN-10505,2025-06-27,VEND-022,INV-67009,1010,9277.87,0.0825,APPROVED,765.42,10043.29
TXN-10506,2025-06-12,VEND-007,INV-25422,4000,11104.15,0.0825,APPROVED,916.09,12020.24
TXN-10507,2025-02-02,VEND-014,INV-52468,1200,3259.28,0.0825,APPROVED,268.89,3528.17
TXN-10508,2025-06-28,VEND-015,INV-42371,2000,9991.67,0.0825,APPROVED,824.31,10815.98
TXN-10509,2025-04-11,VEND-021,INV-67022,6200,7495.7,0.0825,APPROVED,618.4,8114.099999999999
TXN-10510,2025-09-25,VEND-007,INV-81229,1010,11155.23,0.0825,APPROVED,920.31,12075.539999999999
TXN-10511,2025-11-19,VEND-009,INV-61196,6200,4939.32,0.0825,APPROVED,407.49,5346.8099999999995
TXN-10512,2025-03-06,VEND-019,INV-90354,1200,13356.35,0.0825,APPROVED,1101.9,14458.25
TXN-10513,2025-06-17,VEND-016,INV-36715,6200,1310.3,0.0825,APPROVED,108.1,1418.3999999999999
TXN-10514,2025-11-26,VEND-008,INV-37605,5000,12117.48,0.0825,APPROVED,999.69,13117.17
TXN-10515,2025-02-12,VEND-018,INV-41174,1010,12926.73,0.0825,APPROVED,1066.46,13993.189999999999
TXN-10516,2025-02-13,VEND-023,INV-19956,1200,12267.92,0.0825,APPROVED,1012.1,13280.02
TXN-10517,2025-10-12,VEND-018,INV-86373,1200,7715.26,0.0825,APPROVED,636.51,8351.77
TXN-10518,2025-01-12,VEND-020,INV-79252,2000,6603.86,0.0825,APPROVED,544.82,7148.679999999999
TXN-10519,2025-04-05,VEND-007,INV-71949,2000,14944.12,0.0825,APPROVED,1232.89,16177.01
TXN-10520,2025-10-29,VEND-003,INV-72646,5000,3476.12,0.0825,APPROVED,286.78,3762.8999999999996
TXN-10521,2025-09-10,VEND-018,INV-80017,1200,8225.8,0.0825,APPROVED,678.63,8904.429999999998
TXN-10522,2025-08-30,VEND-010,INV-73037,6100,10076.6,0.0825,APPROVED,831.32,10907.92
TXN-10523,2025-02-04,VEND-007,INV-99818,1200,10527.97,0.0825,APPROVED,868.56,11396.529999999999
TXN-10524,2025-08-03,VEND-017,INV-16548,2000,3100.17,0.0825,APPROVED,255.76,3355.9300000000003
TXN-10525,2025-12-03,VEND-014,INV-83294,6100,9827.21,0.0825,APPROVED,810.74,10637.949999999999
TXN-10526,2025-03-31,VEND-024,INV-33177,1010,12284.63,0.0825,APPROVED,1013.48,13298.109999999999
TXN-10527,2025-09-21,VEND-003,INV-34022,1010,797.78,0.0825,APPROVED,65.82,863.5999999999999
TXN-10528,2025-04-03,VEND-012,INV-15542,6200,13677.24,0.0825,PENDING,1128.37,14805.61
TXN-10529,2025-03-31,VEND-013,INV-70428,4000,491.09,0.0825,APPROVED,40.51,531.6
TXN-10530,2025-04-25,VEND-002,INV-32740,2000,5371.77,0.0825,PENDING,443.17,5814.9400000000005
TXN-10531,2025-04-15,VEND-003,INV-69353,4000,286.41,0.0825,REJECTED,23.63,310.04
TXN-10532,2025-07-15,VEND-005,INV-66532,6100,1203.32,0.0825,APPROVED,99.27,1302.59
TXN-10533,2025-11-10,VEND-011,INV-26052,2000,13671.97,0.0825,APPROVED,1127.94,14799.91
TXN-10534,2025-04-24,VEND-008,INV-57076,5000,5355.17,0.0825,REJECTED,441.8,5796.97
TXN-10535,2025-03-16,VEND-023,INV-63420,1200,6400.33,0.0825,APPROVED,528.03,6928.36
TXN-10536,2025-08-05,VEND-023,INV-10671,5000,3269.4,0.0825,APPROVED,269.73,3539.13
TXN-10537,2025-10-04,VEND-012,INV-10163,6100,8976.58,0.0825,APPROVED,740.57,9717.15
TXN-10538,2025-09-06,VEND-007,INV-51424,2000,8942.31,0.0825,APPROVED,737.74,9680.05
TXN-10539,2025-06-13,VEND-015,INV-63744,7000,5614.4,0.0825,APPROVED,463.19,6077.589999999999
TXN-10540,2025-12-23,VEND-024,INV-80331,6100,5028.87,0.0825,APPROVED,414.88,5443.75
TXN-10541,2025-07-11,VEND-017,INV-20634,7000,13280.22,0.0825,APPROVED,1095.62,14375.84
TXN-10542,2025-08-15,VEND-004,INV-14798,1200,5780.1,0.0825,APPROVED,476.86,6256.96
TXN-10543,2025-06-26,VEND-022,INV-32420,1010,7427.84,0.0825,PENDING,612.8,8040.64
TXN-10544,2025-04-09,VEND-025,INV-39300,1010,4285.41,0.0825,APPROVED,353.55,4638.96
TXN-10545,2025-02-05,VEND-013,INV-99881,6100,11812.2,0.0825,APPROVED,974.51,12786.710000000001
TXN-10546,2025-04-06,VEND-018,INV-20749,4000,5991.85,0.0825,APPROVED,494.33,6486.18
TXN-10547,2025-06-01,VEND-001,INV-35121,2000,7728.49,0.0825,APPROVED,637.6,8366.09
TXN-10548,2025-05-31,VEND-016,INV-47487,2000,3837.69,0.0825,APPROVED,316.61,4154.3
TXN-10549,2025-07-09,VEND-013,INV-43361,1010,14815.51,0.0825,PENDING,1222.28,16037.79
TXN-10550,2025-08-12,VEND-010,INV-31223,6200,4407.86,0.0825,APPROVED,363.65,4771.509999999999
TXN-10551,2025-02-06,VEND-012,INV-82930,5000,11572.6,0.0825,APPROVED,954.74,12527.34
TXN-10552,2025-09-25,VEND-002,INV-24056,6200,6441.06,0.0825,APPROVED,531.39,6972.450000000001
TXN-10553,2025-07-02,VEND-023,INV-38380,1200,3132.95,0.0825,APPROVED,258.47,3391.42
TXN-10554,2025-01-13,VEND-003,INV-36035,5000,12005.8,0.0825,PENDING,990.48,12996.279999999999
TXN-10555,2025-10-06,VEND-010,INV-40620,5000,5037.42,0.0825,APPROVED,415.59,5453.01
TXN-10556,2025-08-05,VEND-002,INV-29877,6100,12984.64,0.0825,APPROVED,1071.23,14055.869999999999
TXN-10557,2025-12-21,VEND-023,INV-65316,1010,13733.09,0.0825,APPROVED,1132.98,14866.07
TXN-10558,2025-12-27,VEND-013,INV-74041,6200,12904.37,0.0825,PENDING,1064.61,13968.980000000001
TXN-10559,2025-10-13,VEND-013,INV-63352,6200,573.37,0.0825,APPROVED,47.3,620.67
TXN-10560,2025-09-30,VEND-018,INV-40911,1010,11821.23,0.0825,APPROVED,975.25,12796.48
TXN-10561,2025-03-03,VEND-003,INV-42784,6200,6199.53,0.0825,APPROVED,511.46,6710.99
TXN-10562,2025-03-25,VEND-007,INV-13191,7000,13112.16,0.0825,PENDING,1081.75,14193.91
TXN-10563,2025-08-05,VEND-014,INV-43160,1010,9587.42,0.0825,APPROVED,790.96,10378.380000000001
TXN-10564,2025-12-08,VEND-020,INV-74641,6100,12512.96,0.0825,APPROVED,1032.32,13545.279999999999
TXN-10565,2025-07-06,VEND-017,INV-59723,4000,7516.5,0.0825,APPROVED,620.11,8136.61
TXN-10566,2025-01-19,VEND-021,INV-13631,5000,8048.63,0.0825,APPROVED,664.01,8712.64
TXN-10567,2025-06-26,VEND-012,INV-16172,6100,2208.6,0.0825,APPROVED,182.21,2390.81
TXN-10568,2025-04-10,VEND-025,INV-52080,2000,11770.61,0.0825,APPROVED,971.08,12741.69
TXN-10569,2025-08-21,VEND-016,INV-99097,1200,6319.87,0.0825,PENDING,521.39,6841.26
TXN-10570,2025-03-17,VEND-024,INV-30281,4000,7526.2,0.0825,APPROVED,620.91,8147.11
TXN-10571,2025-09-22,VEND-012,INV-38671,2000,11787.21,0.0825,PENDING,972.44,12759.65
TXN-10572,2025-10-11,VEND-015,INV-61431,5000,9002.74,0.0825,APPROVED,742.73,9745.47
TXN-10573,2025-07-25,VEND-025,INV-38602,6200,3056.43,0.0825,APPROVED,252.16,3308.5899999999997
TXN-10574,2025-08-11,VEND-010,INV-98789,1010,8873.98,0.0825,APPROVED,732.1,9606.08
TXN-10575,2025-02-21,VEND-025,INV-61399,5000,6144.11,0.0825,APPROVED,506.89,6651.0
TXN-10576,2025-12-05,VEND-007,INV-33472,6100,7069.41,0.0825,REJECTED,583.23,7652.639999999999
TXN-10577,2025-05-24,VEND-020,INV-59230,1200,473.25,0.0825,APPROVED,39.04,512.29
TXN-10578,2025-03-10,VEND-005,INV-83616,6100,3189.94,0.0825,APPROVED,263.17,3453.11
TXN-10579,2025-04-09,VEND-001,INV-17099,4000,4251.52,0.0825,APPROVED,350.75,4602.27
TXN-10580,2025-01-25,VEND-017,INV-35431,4000,10708.75,0.0825,APPROVED,883.47,11592.22
TXN-10581,2025-02-22,VEND-003,INV-66492,1200,221.81,0.0825,APPROVED,18.3,240.11
TXN-10582,2025-05-31,VEND-013,INV-57684,7000,6161.22,0.0825,APPROVED,508.3,6669.52
TXN-10583,2025-05-24,VEND-014,INV-40111,2000,13864.2,0.0825,REJECTED,1143.8,15008.0
TXN-10584,2025-02-26,VEND-024,INV-73936,2000,1722.62,0.0825,APPROVED,142.12,1864.7399999999998
TXN-10585,2025-02-08,VEND-018,INV-32614,4000,7770.54,0.0825,APPROVED,641.07,8411.61
TXN-10586,2025-04-19,VEND-004,INV-51991,4000,11808.51,0.0825,APPROVED,974.2,12782.710000000001
TXN-10587,2025-06-30,VEND-018,INV-80476,6200,14140.84,0.0825,PENDING,1166.62,15307.46
TXN-10588,2025-02-11,VEND-005,INV-70920,1010,11214.31,0.0825,APPROVED,925.18,12139.49
TXN-10589,2025-07-05,VEND-025,INV-73530,6200,10822.45,0.0825,APPROVED,892.85,11715.300000000001
TXN-10590,2025-08-11,VEND-016,INV-46224,6200,12406.0,0.0825,APPROVED,1023.5,13429.5
TXN-10591,2025-05-02,VEND-001,INV-17788,7000,6720.71,0.0825,APPROVED,554.46,7275.17
TXN-10592,2025-05-13,VEND-021,INV-38082,2000,12097.38,0.0825,APPROVED,998.03,13095.41
TXN-10593,2025-06-12,VEND-014,INV-99570,7000,169.07,0.0825,PENDING,13.95,183.01999999999998
TXN-10594,2025-08-03,VEND-015,INV-86816,7000,13872.19,0.0825,APPROVED,1144.46,15016.650000000001
TXN-10595,2025-08-09,VEND-009,INV-93588,1200,6677.43,0.0825,APPROVED,550.89,7228.320000000001
TXN-10596,2025-08-23,VEND-015,INV-26531,2000,8323.03,0.0825,APPROVED,686.65,9009.68
TXN-10597,2025-11-27,VEND-017,INV-98340,1010,3860.49,0.0825,APPROVED,318.49,4178.98
TXN-10598,2025-05-26,VEND-025,INV-54857,6100,11150.84,0.0825,APPROVED,919.94,12070.78
TXN-10599,2025-08-27,VEND-024,INV-20142,4000,1195.71,0.0825,APPROVED,98.65,1294.3600000000001
TXN-10600,2025-03-17,VEND-004,INV-58355,4000,13095.91,0.0825,APPROVED,1080.41,14176.32
TXN-10601,2025-01-09,VEND-012,INV-19866,1010,12430.35,0.0825,APPROVED,1025.5,13455.85
TXN-10602,2025-03-15,VEND-005,INV-80067,7000,3280.1,0.0825,APPROVED,270.61,3550.71
TXN-10603,2025-09-10,VEND-005,INV-74027,6200,12149.4,0.0825,APPROVED,1002.33,13151.73
TXN-10604,2025-08-18,VEND-011,INV-67906,1200,11806.05,0.0825,REJECTED,974.0,12780.05
TXN-10605,2025-01-07,VEND-006,INV-38138,7000,9501.64,0.0825,APPROVED,783.89,10285.529999999999
TXN-10606,2025-06-23,VEND-007,INV-39956,4000,5634.13,0.0825,APPROVED,464.82,6098.95
TXN-10607,2025-05-21,VEND-024,INV-86295,5000,4108.91,0.0825,APPROVED,338.99,4447.9
TXN-10608,2025-06-17,VEND-014,INV-15439,6200,3515.16,0.0825,APPROVED,290.0,3805.16
TXN-10609,2025-06-19,VEND-024,INV-57241,4000,4813.2,0.0825,APPROVED,397.09,5210.29
TXN-10610,2025-10-10,VEND-011,INV-52533,5000,13558.2,0.0825,APPROVED,1118.55,14676.75
TXN-10611,2025-05-02,VEND-013,INV-38270,7000,1210.73,0.0825,APPROVED,99.89,1310.6200000000001
TXN-10612,2025-07-13,VEND-002,INV-88815,1010,12441.63,0.0825,APPROVED,1026.43,13468.06
TXN-10613,2025-01-05,VEND-025,INV-49279,1010,5265.91,0.0825,APPROVED,434.44,5700.349999999999
TXN-10614,2025-01-29,VEND-007,INV-33888,6200,7847.91,0.0825,APPROVED,647.45,8495.36
TXN-10615,2025-06-14,VEND-020,INV-27630,4000,11927.56,0.0825,APPROVED,984.02,12911.58
TXN-10616,2025-12-05,VEND-004,INV-71063,2000,13271.43,0.0825,APPROVED,1094.89,14366.32
TXN-10617,2025-05-16,VEND-008,INV-45144,5000,5204.48,0.0825,APPROVED,429.37,5633.849999999999
TXN-10618,2025-12-31,VEND-020,INV-62161,1200,6954.56,0.0825,APPROVED,573.75,7528.31
TXN-10619,2025-11-17,VEND-022,INV-87360,4000,6247.02,0.0825,APPROVED,515.38,6762.400000000001
TXN-10620,2025-12-08,VEND-021,INV-60979,1200,248.1,0.0825,APPROVED,20.47,268.57
TXN-10621,2025-05-25,VEND-019,INV-16979,4000,4474.35,0.0825,APPROVED,369.13,4843.4800000000005
TXN-10622,2025-11-23,VEND-013,INV-36189,2000,6914.88,0.0825,REJECTED,570.48,7485.360000000001
TXN-10623,2025-08-05,VEND-014,INV-52600,2000,6195.85,0.0825,APPROVED,511.16,6707.01
TXN-10624,2025-10-28,VEND-010,INV-69560,6200,10842.84,0.0825,APPROVED,894.53,11737.37
TXN-10625,2025-05-12,VEND-011,INV-88040,6200,5802.81,0.0825,APPROVED,478.73,6281.540000000001
TXN-10626,2025-10-19,VEND-002,INV-71558,2000,7366.18,0.0825,APPROVED,607.71,7973.89
TXN-10627,2025-03-11,VEND-025,INV-96205,6100,6472.65,0.0825,PENDING,533.99,7006.639999999999
TXN-10628,2025-09-09,VEND-009,INV-16910,2000,11122.36,0.0825,APPROVED,917.59,12039.95
TXN-10629,2025-10-02,VEND-017,INV-67713,1010,12951.44,0.0825,APPROVED,1068.49,14019.93
TXN-10630,2025-12-30,VEND-003,INV-56857,1010,8001.74,0.0825,APPROVED,660.14,8661.88
TXN-10631,2025-07-01,VEND-024,INV-44964,6100,11852.01,0.0825,APPROVED,977.79,12829.8
TXN-10632,2025-06-16,VEND-006,INV-95667,7000,4486.96,0.0825,APPROVED,370.17,4857.13
TXN-10633,2025-04-01,VEND-005,INV-35227,5000,8143.48,0.0825,APPROVED,671.84,8815.32
TXN-10634,2025-07-21,VEND-005,INV-15978,7000,5211.19,0.0825,REJECTED,429.92,5641.11
TXN-10635,2025-12-12,VEND-022,INV-97527,1200,6242.3,0.0825,APPROVED,514.99,6757.29
TXN-10636,2025-01-19,VEND-015,INV-27153,7000,10999.59,0.0825,APPROVED,907.47,11907.06
TXN-10637,2025-02-08,VEND-023,INV-69765,4000,13230.85,0.0825,PENDING,1091.55,14322.4
TXN-10638,2025-05-06,VEND-017,INV-49071,7000,1866.36,0.0825,APPROVED,153.97,2020.33
TXN-10639,2025-06-22,VEND-009,INV-79519,4000,9537.86,0.0825,PENDING,786.87,10324.730000000001
TXN-10640,2025-05-21,VEND-003,INV-19503,6100,8753.05,0.0825,REJECTED,722.13,9475.179999999998
TXN-10641,2025-08-30,VEND-020,INV-70703,1010,1820.3,0.0825,APPROVED,150.17,1970.47
TXN-10642,2025-08-08,VEND-017,INV-74379,6200,3217.82,0.0825,APPROVED,265.47,3483.29
TXN-10643,2025-05-06,VEND-010,INV-67866,4000,4699.49,0.0825,APPROVED,387.71,5087.2
TXN-10644,2025-02-27,VEND-003,INV-26905,1010,2545.62,0.0825,PENDING,210.01,2755.63
TXN-10645,2025-05-28,VEND-018,INV-55838,5000,3693.76,0.0825,APPROVED,304.74,3998.5
TXN-10646,2025-11-13,VEND-018,INV-68279,1200,4050.63,0.0825,APPROVED,334.18,4384.81
TXN-10647,2025-12-27,VEND-017,INV-99489,5000,5068.32,0.0825,PENDING,418.14,5486.46
TXN-10648,2025-01-01,VEND-024,INV-36806,6100,11253.39,0.0825,REJECTED,928.4,12181.789999999999
TXN-10649,2025-12-14,VEND-003,INV-55000,7000,8600.09,0.0825,APPROVED,709.51,9309.6
TXN-10650,2025-07-09,VEND-003,INV-32168,7000,14794.39,0.0825,APPROVED,1220.54,16014.93
TXN-10651,2025-07-10,VEND-006,INV-80119,2000,6250.3,0.0825,REJECTED,515.65,6765.95
TXN-10652,2025-11-08,VEND-013,INV-48714,2000,11320.28,0.0825,APPROVED,933.92,12254.2
TXN-10653,2025-04-27,VEND-024,INV-64093,2000,13078.45,0.0825,PENDING,1078.97,14157.42
TXN-10654,2025-05-14,VEND-015,INV-65419,5000,10200.73,0.0825,APPROVED,841.56,11042.289999999999
TXN-10655,2025-02-27,VEND-025,INV-59145,4000,6207.38,0.0825,APPROVED,512.11,6719.49
TXN-10656,2025-02-13,VEND-009,INV-87425,1200,11316.24,0.0825,APPROVED,933.59,12249.83
TXN-10657,2025-06-22,VEND-004,INV-87811,2000,3094.82,0.0825,APPROVED,255.32,3350.1400000000003
TXN-10658,2025-06-09,VEND-014,INV-12461,6100,4946.9,0.0825,APPROVED,408.12,5355.0199999999995
TXN-10659,2025-06-22,VEND-005,INV-24291,6100,8222.94,0.0825,APPROVED,678.39,8901.33
TXN-10660,2025-11-13,VEND-002,INV-56804,2000,8652.37,0.0825,APPROVED,713.82,9366.19
TXN-10661,2025-10-30,VEND-011,INV-86971,7000,381.02,0.0825,APPROVED,31.43,412.45
TXN-10662,2025-05-29,VEND-009,INV-74946,2000,14179.46,0.0825,APPROVED,1169.81,15349.269999999999
TXN-10663,2025-03-21,VEND-024,INV-94080,1200,10464.58,0.0825,APPROVED,863.33,11327.91
TXN-10664,2025-08-01,VEND-003,INV-71332,2000,7460.77,0.0825,APPROVED,615.51,8076.280000000001
TXN-10665,2025-07-22,VEND-009,INV-87794,1200,14000.25,0.0825,APPROVED,1155.02,15155.27
TXN-10666,2025-09-09,VEND-003,INV-40841,6100,6614.48,0.0825,APPROVED,545.69,7160.17
TXN-10667,2025-08-17,VEND-025,INV-58758,2000,14707.51,0.0825,APPROVED,1213.37,15920.880000000001
TXN-10668,2025-06-13,VEND-002,INV-86272,5000,7708.66,0.0825,APPROVED,635.96,8344.619999999999
TXN-10669,2025-08-15,VEND-012,INV-47643,6200,1758.57,0.0825,APPROVED,145.08,1903.6499999999999
TXN-10670,2025-05-27,VEND-010,INV-60408,5000,11483.77,0.0825,PENDING,947.41,12431.18
TXN-10671,2025-01-20,VEND-009,INV-53950,6100,10199.52,0.0825,PENDING,841.46,11040.98
TXN-10672,2025-02-16,VEND-015,INV-66849,1200,11606.15,0.0825,APPROVED,957.51,12563.66
TXN-10673,2025-08-21,VEND-008,INV-38044,5000,14274.06,0.0825,REJECTED,1177.61,15451.67
TXN-10674,2025-11-01,VEND-025,INV-25997,1200,11658.52,0.0825,APPROVED,961.83,12620.35
TXN-10675,2025-01-14,VEND-005,INV-89751,5000,9189.48,0.0825,APPROVED,758.13,9947.609999999999
TXN-10676,2025-05-23,VEND-011,INV-33911,5000,12866.77,0.0825,APPROVED,1061.51,13928.28
TXN-10677,2025-01-01,VEND-002,INV-65533,1200,10115.03,0.0825,APPROVED,834.49,10949.52
TXN-10678,2025-02-23,VEND-024,INV-92566,4000,6151.38,0.0825,APPROVED,507.49,6658.87
TXN-10679,2025-09-16,VEND-015,INV-24571,5000,13290.02,0.0825,APPROVED,1096.43,14386.45
TXN-10680,2025-05-24,VEND-006,INV-67941,2000,3367.41,0.0825,APPROVED,277.81,3645.22
TXN-10681,2025-01-12,VEND-008,INV-68005,6200,10733.89,0.0825,APPROVED,885.55,11619.439999999999
TXN-10682,2025-11-26,VEND-005,INV-96250,6100,13229.37,0.0825,APPROVED,1091.42,14320.79
TXN-10683,2025-08-12,VEND-016,INV-68712,4000,10983.18,0.0825,APPROVED,906.11,11889.29
TXN-10684,2025-09-29,VEND-018,INV-53541,1200,10474.27,0.0825,APPROVED,864.13,11338.4
TXN-10685,2025-12-24,VEND-006,INV-33387,4000,11301.94,0.0825,APPROVED,932.41,12234.35
TXN-10686,2025-06-05,VEND-005,INV-58908,1010,7002.58,0.0825,APPROVED,577.71,7580.29
TXN-10687,2025-01-08,VEND-016,INV-95457,1010,13118.85,0.0825,APPROVED,1082.31,14201.16
TXN-10688,2025-05-02,VEND-013,INV-23057,5000,3091.38,0.0825,PENDING,255.04,3346.42
TXN-10689,2025-12-14,VEND-005,INV-74028,5000,1954.43,0.0825,APPROVED,161.24,2115.67
TXN-10690,2025-06-13,VEND-013,INV-65731,2000,4318.36,0.0825,APPROVED,356.26,4674.62
TXN-10691,2025-03-31,VEND-017,INV-34858,6200,7997.08,0.0825,APPROVED,659.76,8656.84
TXN-10692,2025-05-16,VEND-018,INV-58689,6100,7682.9,0.0825,APPROVED,633.84,8316.74
TXN-10693,2025-07-05,VEND-008,INV-54638,4000,12317.95,0.0825,APPROVED,1016.23,13334.18
TXN-10694,2025-11-12,VEND-013,INV-56486,1010,6098.3,0.0825,APPROVED,503.11,6601.41
TXN-10695,2025-06-27,VEND-019,INV-30567,5000,7290.95,0.0825,APPROVED,601.5,7892.45
TXN-10696,2025-01-28,VEND-003,INV-39739,7000,249.85,0.0825,APPROVED,20.61,270.46
TXN-10697,2025-08-08,VEND-024,INV-67804,7000,6175.6,0.0825,APPROVED,509.49,6685.09
TXN-10698,2025-12-23,VEND-008,INV-13754,6100,9734.22,0.0825,APPROVED,803.07,10537.289999999999
TXN-10699,2025-02-10,VEND-002,INV-37044,4000,281.85,0.0825,APPROVED,23.25,305.1
TXN-10700,2025-08-16,VEND-008,INV-77260,5000,4249.19,0.0825,APPROVED,350.56,4599.75
TXN-10701,2025-07-11,VEND-013,INV-76912,5000,3158.95,0.0825,APPROVED,260.61,3419.56
TXN-10702,2025-05-25,VEND-013,INV-18706,1010,677.68,0.0825,APPROVED,55.91,733.5899999999999
TXN-10703,2025-07-20,VEND-001,INV-18894,1010,7214.94,0.0825,APPROVED,595.23,7810.17
TXN-10704,2025-07-31,VEND-006,INV-28037,5000,2766.76,0.0825,APPROVED,228.26,2995.0200000000004
TXN-10705,2025-08-08,VEND-024,INV-93986,1200,11159.07,0.0825,APPROVED,920.62,12079.69
TXN-10706,2025-08-28,VEND-019,INV-91942,5000,12726.52,0.0825,APPROVED,1049.94,13776.460000000001
TXN-10707,2025-02-15,VEND-016,INV-61612,6100,8206.5,0.0825,PENDING,677.04,8883.54
TXN-10708,2025-02-04,VEND-008,INV-39725,5000,14726.52,0.0825,APPROVED,1214.94,15941.460000000001
TXN-10709,2025-09-10,VEND-001,INV-15926,2000,6784.65,0.0825,PENDING,559.73,7344.379999999999
TXN-10710,2025-03-23,VEND-016,INV-19496,6200,7724.85,0.0825,APPROVED,637.3,8362.15
TXN-10711,2025-09-13,VEND-009,INV-66447,2000,14838.81,0.0825,APPROVED,1224.2,16063.01
TXN-10712,2025-07-16,VEND-013,INV-39806,2000,3511.65,0.0825,APPROVED,289.71,3801.36
TXN-10713,2025-10-30,VEND-011,INV-98199,1200,14141.06,0.0825,APPROVED,1166.64,15307.699999999999
TXN-10714,2025-01-10,VEND-013,INV-51321,1200,690.42,0.0825,APPROVED,56.96,747.38
TXN-10715,2025-11-08,VEND-025,INV-75095,7000,6723.48,0.0825,APPROVED,554.69,7278.17
TXN-10716,2025-10-13,VEND-021,INV-32656,5000,1096.55,0.0825,APPROVED,90.47,1187.02
TXN-10717,2025-08-30,VEND-010,INV-65147,2000,10952.06,0.0825,APPROVED,903.54,11855.599999999999
TXN-10718,2025-09-08,VEND-004,INV-59666,1200,9145.71,0.0825,APPROVED,754.52,9900.23
TXN-10719,2025-12-31,VEND-006,INV-92368,1010,10614.18,0.0825,PENDING,875.67,11489.85
TXN-10720,2025-01-05,VEND-007,INV-48787,5000,5648.48,0.0825,APPROVED,466.0,6114.48
TXN-10721,2025-04-29,VEND-005,INV-72946,6100,5573.75,0.0825,APPROVED,459.83,6033.58
TXN-10722,2025-10-16,VEND-011,INV-31727,6200,727.52,0.0825,APPROVED,60.02,787.54
TXN-10723,2025-03-06,VEND-013,INV-78056,4000,5281.68,0.0825,APPROVED,435.74,5717.42
TXN-10724,2025-05-26,VEND-025,INV-13081,5000,13942.86,0.0825,APPROVED,1150.29,15093.150000000001
TXN-10725,2025-08-12,VEND-019,INV-44196,4000,5719.44,0.0825,REJECTED,471.85,6191.29
TXN-10726,2025-08-27,VEND-023,INV-46735,2000,12478.95,0.0825,APPROVED,1029.51,13508.460000000001
TXN-10727,2025-06-26,VEND-010,INV-90102,6200,12642.77,0.0825,APPROVED,1043.03,13685.800000000001
TXN-10728,2025-09-24,VEND-010,INV-89578,4000,5629.96,0.0825,APPROVED,464.47,6094.43
TXN-10729,2025-12-07,VEND-011,INV-35498,2000,9498.23,0.0825,APPROVED,783.6,10281.83
TXN-10730,2025-10-09,VEND-021,INV-86865,1010,1475.81,0.0825,APPROVED,121.75,1597.56
TXN-10731,2025-03-04,VEND-007,INV-41656,4000,1599.99,0.0825,APPROVED,132.0,1731.99
TXN-10732,2025-08-05,VEND-018,INV-77695,6200,777.43,0.0825,REJECTED,64.14,841.5699999999999
TXN-10733,2025-12-08,VEND-004,INV-47900,7000,8736.18,0.0825,APPROVED,720.73,9456.91
TXN-10734,2025-11-11,VEND-002,INV-94899,5000,6419.76,0.0825,PENDING,529.63,6949.39
TXN-10735,2025-10-10,VEND-014,INV-57701,2000,8243.08,0.0825,APPROVED,680.05,8923.13
TXN-10736,2025-06-26,VEND-013,INV-29033,5000,7840.04,0.0825,APPROVED,646.8,8486.84
TXN-10737,2025-04-08,VEND-012,INV-20805,6200,5285.53,0.0825,APPROVED,436.06,5721.59
TXN-10738,2025-04-15,VEND-007,INV-45851,1200,10178.23,0.0825,APPROVED,839.7,11017.93
TXN-10739,2025-04-09,VEND-002,INV-36832,2000,11389.6,0.0825,PENDING,939.64,12329.24
TXN-10740,2025-11-07,VEND-013,INV-73437,4000,268.69,0.0825,APPROVED,22.17,290.86
TXN-10741,2025-01-06,VEND-014,INV-23944,2000,3148.27,0.0825,APPROVED,259.73,3408.0
TXN-10742,2025-07-16,VEND-017,INV-29873,5000,10712.88,0.0825,APPROVED,883.81,11596.689999999999
TXN-10743,2025-12-17,VEND-009,INV-50372,1010,5829.97,0.0825,APPROVED,480.97,6310.9400000000005
TXN-10744,2025-05-13,VEND-017,INV-99464,2000,9954.14,0.0825,APPROVED,821.22,10775.359999999999
TXN-10745,2025-12-24,VEND-008,INV-25379,4000,5237.09,0.0825,APPROVED,432.06,5669.150000000001
TXN-10746,2025-09-16,VEND-002,INV-46751,1200,5891.79,0.0825,APPROVED,486.07,6377.86
TXN-10747,2025-01-23,VEND-024,INV-99822,7000,2422.25,0.0825,APPROVED,199.84,2622.09
TXN-10748,2025-02-22,VEND-013,INV-15110,6100,3910.55,0.0825,APPROVED,322.62,4233.17
TXN-10749,2025-06-14,VEND-003,INV-64341,1010,9100.91,0.0825,APPROVED,750.83,9851.74
TXN-10750,2025-07-21,VEND-016,INV-22087,7000,6525.79,0.0825,APPROVED,538.38,7064.17
TXN-10751,2025-03-24,VEND-006,INV-33762,1200,11625.83,0.0825,PENDING,959.13,12584.96
TXN-10752,2025-05-25,VEND-019,INV-92617,2000,12796.15,0.0825,APPROVED,1055.68,13851.83
TXN-10753,2025-03-26,VEND-007,INV-19596,5000,8147.61,0.0825,APPROVED,672.18,8819.789999999999
TXN-10754,2025-03-19,VEND-010,INV-28313,6200,11386.1,0.0825,APPROVED,939.35,12325.45
TXN-10755,2025-01-01,VEND-009,INV-76549,5000,4638.22,0.0825,APPROVED,382.65,5020.87
TXN-10756,2025-02-20,VEND-002,INV-33705,7000,6253.82,0.0825,APPROVED,515.94,6769.76
TXN-10757,2025-06-22,VEND-015,INV-77364,4000,10706.03,0.0825,APPROVED,883.25,11589.28
TXN-10758,2025-07-24,VEND-005,INV-83445,5000,5823.87,0.0825,APPROVED,480.47,6304.34
TXN-10759,2025-09-17,VEND-022,INV-88645,1010,8848.15,0.0825,APPROVED,729.97,9578.119999999999
TXN-10760,2025-10-15,VEND-004,INV-12023,5000,2821.32,0.0825,PENDING,232.76,3054.08
TXN-10761,2025-02-03,VEND-020,INV-69796,4000,9016.58,0.0825,APPROVED,743.87,9760.45
TXN-10762,2025-12-14,VEND-004,INV-90073,6100,12929.63,0.0825,APPROVED,1066.69,13996.32
TXN-10763,2025-04-05,VEND-018,INV-74429,2000,13036.16,0.0825,APPROVED,1075.48,14111.64
TXN-10764,2025-03-13,VEND-004,INV-71627,6200,10878.95,0.0825,APPROVED,897.51,11776.460000000001
TXN-10765,2025-02-08,VEND-017,INV-43848,7000,11199.01,0.0825,PENDING,923.92,12122.93
TXN-10766,2025-06-03,VEND-012,INV-47804,2000,8391.02,0.0825,APPROVED,692.26,9083.28
TXN-10767,2025-09-07,VEND-022,INV-25379,5000,8790.79,0.0825,APPROVED,725.24,9516.03
TXN-10768,2025-06-11,VEND-017,INV-69664,1200,2048.08,0.0825,APPROVED,168.97,2217.0499999999997
TXN-10769,2025-04-28,VEND-010,INV-37766,2000,6685.69,0.0825,APPROVED,551.57,7237.259999999999
TXN-10770,2025-09-16,VEND-022,INV-78099,6100,6789.11,0.0825,APPROVED,560.1,7349.21
TXN-10771,2025-11-02,VEND-001,INV-46060,5000,14379.54,0.0825,APPROVED,1186.31,15565.85
TXN-10772,2025-09-25,VEND-022,INV-79122,6200,6494.75,0.0825,APPROVED,535.82,7030.57
TXN-10773,2025-02-23,VEND-024,INV-26087,4000,8262.67,0.0825,APPROVED,681.67,8944.34
TXN-10774,2025-08-24,VEND-018,INV-58868,6100,8022.11,0.0825,APPROVED,661.82,8683.93
TXN-10775,2025-08-10,VEND-018,INV-33225,5000,9569.59,0.0825,APPROVED,789.49,10359.08
TXN-10776,2025-09-08,VEND-014,INV-16643,6100,11236.08,0.0825,APPROVED,926.98,12163.06
TXN-10777,2025-11-09,VEND-015,INV-46727,2000,3414.38,0.0825,APPROVED,281.69,3696.07
TXN-10778,2025-04-22,VEND-012,INV-21005,6200,7954.43,0.0825,APPROVED,656.24,8610.67
TXN-10779,2025-09-12,VEND-004,INV-75697,4000,12397.47,0.0825,APPROVED,1022.79,13420.259999999998
TXN-10780,2025-10-30,VEND-003,INV-26029,5000,6973.56,0.0825,APPROVED,575.32,7548.88
TXN-10781,2025-07-26,VEND-020,INV-24226,1010,4212.94,0.0825,APPROVED,347.57,4560.509999999999
TXN-10782,2025-08-17,VEND-012,INV-73646,7000,9837.9,0.0825,APPROVED,811.63,10649.529999999999
TXN-10783,2025-12-07,VEND-007,INV-70603,4000,12365.32,0.0825,APPROVED,1020.14,13385.46
TXN-10784,2025-03-07,VEND-011,INV-38731,1010,993.95,0.0825,APPROVED,82.0,1075.95
TXN-10785,2025-03-16,VEND-001,INV-78926,6100,11663.02,0.0825,PENDING,962.2,12625.220000000001
TXN-10786,2025-04-13,VEND-006,INV-15997,1200,12333.64,0.0825,REJECTED,1017.53,13351.17
TXN-10787,2025-07-11,VEND-015,INV-65506,4000,6949.77,0.0825,PENDING,573.36,7523.13
TXN-10788,2025-09-09,VEND-015,INV-88229,6100,14750.42,0.0825,APPROVED,1216.91,15967.33
TXN-10789,2025-08-14,VEND-019,INV-59815,1010,11811.29,0.0825,APPROVED,974.43,12785.720000000001
TXN-10790,2025-10-21,VEND-011,INV-52092,2000,11616.26,0.0825,APPROVED,958.34,12574.6
TXN-10791,2025-11-02,VEND-023,INV-72539,2000,11230.19,0.0825,APPROVED,926.49,12156.68
TXN-10792,2025-04-08,VEND-002,INV-76077,1200,2301.59,0.0825,APPROVED,189.88,2491.4700000000003
TXN-10793,2025-12-04,VEND-014,INV-31817,7000,3297.6,0.0825,APPROVED,272.05,3569.65
TXN-10794,2025-10-13,VEND-002,INV-47861,4000,6986.65,0.0825,APPROVED,576.4,7563.049999999999
TXN-10795,2025-12-01,VEND-004,INV-23428,4000,3996.87,0.0825,REJECTED,329.74,4326.61
TXN-10796,2025-12-13,VEND-017,INV-53934,4000,6257.85,0.0825,APPROVED,516.27,6774.120000000001
TXN-10797,2025-11-04,VEND-003,INV-20258,7000,13332.54,0.0825,APPROVED,1099.93,14432.470000000001
TXN-10798,2025-09-06,VEND-013,INV-67775,6100,12373.69,0.0825,APPROVED,1020.83,13394.52
TXN-10799,2025-06-15,VEND-009,INV-91580,6200,9469.1,0.0825,PENDING,781.2,10250.300000000001
TXN-10800,2025-12-01,VEND-007,INV-15469,6200,12878.9,0.0825,APPROVED,1062.51,13941.41
TXN-10801,2025-01-30,VEND-015,INV-38854,1200,11767.4,0.0825,APPROVED,970.81,12738.21
TXN-10802,2025-09-04,VEND-023,INV-16256,4000,6463.32,0.0825,PENDING,533.22,6996.54
TXN-10803,2025-04-16,VEND-011,INV-86256,6100,3055.92,0.0825,APPROVED,252.11,3308.03
TXN-10804,2025-02-20,VEND-020,INV-43937,2000,7737.31,0.0825,APPROVED,638.33,8375.640000000001
TXN-10805,2025-03-22,VEND-002,INV-11651,1010,11056.62,0.0825,APPROVED,912.17,11968.79
TXN-10806,2025-05-13,VEND-015,INV-60288,6100,6574.47,0.0825,APPROVED,542.39,7116.860000000001
TXN-10807,2025-10-12,VEND-014,INV-94730,7000,10018.24,0.0825,APPROVED,826.5,10844.74
TXN-10808,2025-05-18,VEND-020,INV-35051,6200,1460.2,0.0825,APPROVED,120.47,1580.67
TXN-10809,2025-07-03,VEND-022,INV-37386,6200,11232.67,0.0825,PENDING,926.7,12159.37
TXN-10810,2025-11-26,VEND-011,INV-85054,2000,12200.07,0.0825,REJECTED,1006.51,13206.58
TXN-10811,2025-09-30,VEND-003,INV-26184,2000,10617.23,0.0825,APPROVED,875.92,11493.15
TXN-10812,2025-12-06,VEND-017,INV-43787,7000,14510.59,0.0825,APPROVED,1197.12,15707.71
TXN-10813,2025-03-10,VEND-012,INV-31621,1010,12408.45,0.0825,APPROVED,1023.7,13432.150000000001
TXN-10814,2025-02-03,VEND-024,INV-85564,2000,13551.25,0.0825,APPROVED,1117.98,14669.23
TXN-10815,2025-09-19,VEND-021,INV-87984,1200,14006.89,0.0825,APPROVED,1155.57,15162.46
TXN-10816,2025-02-22,VEND-015,INV-69792,1010,12030.15,0.0825,APPROVED,992.49,13022.64
TXN-10817,2025-07-24,VEND-016,INV-55253,2000,10130.17,0.0825,APPROVED,835.74,10965.91
TXN-10818,2025-05-06,VEND-005,INV-44051,5000,135.49,0.0825,APPROVED,11.18,146.67000000000002
TXN-10819,2025-08-23,VEND-020,INV-59811,6100,7014.1,0.0825,PENDING,578.66,7592.76
TXN-10820,2025-02-12,VEND-006,INV-40447,2000,8588.88,0.0825,APPROVED,708.58,9297.46
TXN-10821,2025-08-28,VEND-019,INV-93930,1200,4595.25,0.0825,APPROVED,379.11,4974.36
TXN-10822,2025-04-21,VEND-025,INV-40254,4000,4805.66,0.0825,APPROVED,396.47,5202.13
TXN-10823,2025-09-06,VEND-005,INV-94045,2000,14419.33,0.0825,APPROVED,1189.59,15608.92
TXN-10824,2025-05-31,VEND-003,INV-67418,6200,13381.08,0.0825,APPROVED,1103.94,14485.02
TXN-10825,2025-07-02,VEND-001,INV-24472,6200,12745.23,0.0825,APPROVED,1051.48,13796.71
TXN-10826,2025-12-02,VEND-006,INV-13471,6200,6119.88,0.0825,APPROVED,504.89,6624.77
TXN-10827,2025-04-05,VEND-015,INV-18329,4000,254.79,0.0825,APPROVED,21.02,275.81
TXN-10828,2025-01-08,VEND-002,INV-44865,6200,1249.32,0.0825,APPROVED,103.07,1352.3899999999999
TXN-10829,2025-12-26,VEND-003,INV-56850,5000,4717.34,0.0825,APPROVED,389.18,5106.52
TXN-10830,2025-07-03,VEND-017,INV-64220,2000,285.36,0.0825,APPROVED,23.54,308.90000000000003
TXN-10831,2025-10-08,VEND-025,INV-16397,7000,306.39,0.0825,REJECTED,25.28,331.66999999999996
TXN-10832,2025-07-14,VEND-024,INV-45525,6200,13753.22,0.0825,APPROVED,1134.64,14887.859999999999
TXN-10833,2025-12-18,VEND-012,INV-63072,1010,10607.07,0.0825,REJECTED,875.08,11482.15
TXN-10834,2025-07-14,VEND-018,INV-93820,7000,4668.89,0.0825,APPROVED,385.18,5054.070000000001
TXN-10835,2025-06-04,VEND-015,INV-94530,4000,2033.04,0.0825,REJECTED,167.73,2200.77
TXN-10836,2025-04-03,VEND-012,INV-33284,5000,7698.95,0.0825,APPROVED,635.16,8334.11
TXN-10837,2025-06-09,VEND-016,INV-71330,1010,129.93,0.0825,APPROVED,10.72,140.65
TXN-10838,2025-03-02,VEND-008,INV-93369,1010,14079.29,0.0825,APPROVED,1161.54,15240.830000000002
TXN-10839,2025-05-02,VEND-014,INV-35122,1010,6251.49,0.0825,APPROVED,515.75,6767.24
TXN-10840,2025-02-20,VEND-025,INV-80553,1010,6064.91,0.0825,APPROVED,500.36,6565.2699999999995
TXN-10841,2025-10-04,VEND-017,INV-91906,7000,5889.37,0.0825,APPROVED,485.87,6375.24
TXN-10842,2025-01-05,VEND-021,INV-72812,7000,1086.46,0.0825,APPROVED,89.63,1176.0900000000001
TXN-10843,2025-04-02,VEND-008,INV-17999,2000,9592.92,0.0825,APPROVED,791.42,10384.34
TXN-10844,2025-06-19,VEND-015,INV-32436,6200,11008.4,0.0825,APPROVED,908.19,11916.59
TXN-10845,2025-11-13,VEND-014,INV-52963,6100,10158.07,0.0825,APPROVED,838.04,10996.11
TXN-10846,2025-01-22,VEND-018,INV-12096,2000,2119.61,0.0825,APPROVED,174.87,2294.48
TXN-10847,2025-11-22,VEND-020,INV-35279,2000,8703.66,0.0825,APPROVED,718.05,9421.71
TXN-10848,2025-01-01,VEND-007,INV-36201,5000,8563.79,0.0825,APPROVED,706.51,9270.300000000001
TXN-10849,2025-05-13,VEND-003,INV-29715,5000,13032.74,0.0825,APPROVED,1075.2,14107.94
TXN-10850,2025-08-21,VEND-012,INV-39309,6200,5717.96,0.0825,APPROVED,471.73,6189.6900000000005
TXN-10851,2025-01-12,VEND-021,INV-25078,6100,5603.71,0.0825,APPROVED,462.31,6066.02
TXN-10852,2025-12-12,VEND-024,INV-66614,5000,9296.98,0.0825,REJECTED,767.0,10063.98
TXN-10853,2025-02-15,VEND-003,INV-15105,6200,9514.44,0.0825,APPROVED,784.94,10299.380000000001
TXN-10854,2025-02-03,VEND-020,INV-12839,6200,7065.81,0.0825,APPROVED,582.93,7648.740000000001
TXN-10855,2025-03-19,VEND-014,INV-78920,7000,6673.74,0.0825,APPROVED,550.58,7224.32
TXN-10856,2025-08-06,VEND-015,INV-53619,1200,7437.51,0.0825,APPROVED,613.59,8051.1
TXN-10857,2025-10-28,VEND-025,INV-52821,7000,12922.63,0.0825,APPROVED,1066.12,13988.75
TXN-10858,2025-03-14,VEND-014,INV-23493,6100,6944.45,0.0825,APPROVED,572.92,7517.37
TXN-10859,2025-10-09,VEND-007,INV-27069,5000,14101.98,0.0825,APPROVED,1163.41,15265.39
TXN-10860,2025-09-06,VEND-017,INV-17531,6100,7584.86,0.0825,APPROVED,625.75,8210.61
TXN-10861,2025-02-16,VEND-012,INV-47051,2000,14240.55,0.0825,APPROVED,1174.85,15415.4
TXN-10862,2025-05-01,VEND-020,INV-17736,2000,12500.84,0.0825,APPROVED,1031.32,13532.16
TXN-10863,2025-08-02,VEND-004,INV-17710,6100,5468.35,0.0825,APPROVED,451.14,5919.490000000001
TXN-10864,2025-08-27,VEND-009,INV-77155,1200,12961.44,0.0825,APPROVED,1069.32,14030.76
TXN-10865,2025-02-25,VEND-006,INV-23975,1200,1695.45,0.0825,APPROVED,139.87,1835.3200000000002
TXN-10866,2025-12-16,VEND-016,INV-72424,7000,13879.46,0.0825,APPROVED,1145.06,15024.519999999999
TXN-10867,2025-04-17,VEND-025,INV-55603,6100,9493.07,0.0825,REJECTED,783.18,10276.25
TXN-10868,2025-11-15,VEND-022,INV-33252,5000,863.14,0.0825,PENDING,71.21,934.35
TXN-10869,2025-02-17,VEND-022,INV-90797,7000,9681.64,0.0825,APPROVED,798.74,10480.38
TXN-10870,2025-03-02,VEND-021,INV-11431,4000,14615.0,0.0825,APPROVED,1205.74,15820.74
TXN-10871,2025-12-03,VEND-021,INV-84603,1200,1093.52,0.0825,APPROVED,90.22,1183.74
TXN-10872,2025-01-26,VEND-002,INV-47481,1010,8342.58,0.0825,APPROVED,688.26,9030.84
TXN-10873,2025-10-19,VEND-024,INV-19557,7000,11229.53,0.0825,APPROVED,926.44,12155.970000000001
TXN-10874,2025-09-14,VEND-008,INV-84971,2000,12163.37,0.0825,APPROVED,1003.48,13166.85
TXN-10875,2025-01-08,VEND-011,INV-10162,7000,6236.72,0.0825,APPROVED,514.53,6751.25
TXN-10876,2025-04-23,VEND-013,INV-44742,6100,3102.29,0.0825,APPROVED,255.94,3358.23
TXN-10877,2025-12-21,VEND-017,INV-29675,1010,683.02,0.0825,REJECTED,56.35,739.37
TXN-10878,2025-09-10,VEND-008,INV-83997,6100,8716.91,0.0825,APPROVED,719.15,9436.06
TXN-10879,2025-06-29,VEND-021,INV-27015,6200,6821.02,0.0825,APPROVED,562.73,7383.75
TXN-10880,2025-07-26,VEND-018,INV-60057,2000,14233.73,0.0825,APPROVED,1174.28,15408.01
TXN-10881,2025-10-30,VEND-018,INV-42591,2000,956.04,0.0825,APPROVED,78.87,1034.9099999999999
TXN-10882,2025-05-07,VEND-014,INV-19833,1200,10296.66,0.0825,APPROVED,849.47,11146.13
TXN-10883,2025-02-25,VEND-015,INV-17896,7000,423.25,0.0825,APPROVED,34.92,458.17
TXN-10884,2025-08-02,VEND-006,INV-42972,1200,2612.94,0.0825,APPROVED,215.57,2828.51
TXN-10885,2025-01-14,VEND-011,INV-59733,1010,6831.01,0.0825,APPROVED,563.56,7394.57
TXN-10886,2025-01-28,VEND-013,INV-51800,7000,6850.34,0.0825,APPROVED,565.15,7415.49
TXN-10887,2025-03-19,VEND-025,INV-15347,6200,10301.22,0.0825,APPROVED,849.85,11151.07
TXN-10888,2025-08-04,VEND-001,INV-69063,6100,13657.68,0.0825,APPROVED,1126.76,14784.44
TXN-10889,2025-12-31,VEND-006,INV-12643,6200,9603.53,0.0825,PENDING,792.29,10395.82
TXN-10890,2025-06-03,VEND-009,INV-50785,2000,14305.35,0.0825,APPROVED,1180.19,15485.54
TXN-10891,2025-01-14,VEND-008,INV-28681,1010,13230.15,0.0825,APPROVED,1091.49,14321.64
TXN-10892,2025-07-06,VEND-011,INV-60026,4000,8788.27,0.0825,APPROVED,725.03,9513.300000000001
TXN-10893,2025-11-08,VEND-022,INV-25892,1010,12515.19,0.0825,APPROVED,1032.5,13547.69
TXN-10894,2025-01-07,VEND-019,INV-57299,5000,9656.54,0.0825,APPROVED,796.66,10453.2
TXN-10895,2025-01-03,VEND-024,INV-27073,1010,1224.44,0.0825,APPROVED,101.02,1325.46
TXN-10896,2025-04-21,VEND-009,INV-40682,6200,11121.44,0.0825,APPROVED,917.52,12038.960000000001
TXN-10897,2025-08-26,VEND-017,INV-24289,5000,1468.88,0.0825,APPROVED,121.18,1590.0600000000002
TXN-10898,2025-12-29,VEND-012,INV-17927,5000,8931.54,0.0825,APPROVED,736.85,9668.390000000001
TXN-10899,2025-08-27,VEND-025,INV-58330,7000,10554.47,0.0825,APPROVED,870.74,11425.21
TXN-10900,2025-10-01,VEND-014,INV-76707,7000,1044.59,0.0825,APPROVED,86.18,1130.77
TXN-10901,2025-10-21,VEND-015,INV-87454,5000,3500.38,0.0825,APPROVED,288.78,3789.16
TXN-10902,2025-08-15,VEND-016,INV-75428,4000,13739.3,0.0825,APPROVED,1133.49,14872.789999999999
TXN-10903,2025-01-15,VEND-022,INV-60601,7000,9263.9,0.0825,APPROVED,764.27,10028.17
TXN-10904,2025-07-11,VEND-022,INV-87465,1010,3731.98,0.0825,APPROVED,307.89,4039.87
TXN-10905,2025-04-29,VEND-020,INV-12539,6200,10375.66,0.0825,APPROVED,855.99,11231.65
TXN-10906,2025-01-28,VEND-001,INV-32669,1010,8971.81,0.0825,APPROVED,740.17,9711.98
TXN-10907,2025-07-21,VEND-010,INV-80968,4000,7548.56,0.0825,APPROVED,622.76,8171.320000000001
TXN-10908,2025-02-08,VEND-008,INV-30644,2000,14644.0,0.0825,APPROVED,1208.13,15852.130000000001
TXN-10909,2025-09-30,VEND-018,INV-28745,1200,10267.63,0.0825,APPROVED,847.08,11114.71
TXN-10910,2025-08-19,VEND-001,INV-38228,6200,5662.84,0.0825,PENDING,467.18,6130.02
TXN-10911,2025-03-27,VEND-002,INV-44521,7000,12011.1,0.0825,APPROVED,990.92,13002.02
TXN-10912,2025-05-06,VEND-001,INV-36928,6200,13274.52,0.0825,APPROVED,1095.15,14369.67
TXN-10913,2025-10-27,VEND-001,INV-28322,1010,1922.05,0.0825,APPROVED,158.57,2080.62
TXN-10914,2025-01-25,VEND-009,INV-67714,1200,3048.27,0.0825,APPROVED,251.48,3299.75
TXN-10915,2025-05-25,VEND-013,INV-97896,6100,3282.59,0.0825,APPROVED,270.81,3553.4
TXN-10916,2025-01-13,VEND-001,INV-72292,6100,10383.62,0.0825,PENDING,856.65,11240.27
TXN-10917,2025-07-31,VEND-013,INV-39055,7000,9065.44,0.0825,APPROVED,747.9,9813.34
TXN-10918,2025-01-25,VEND-020,INV-52891,4000,9303.92,0.0825,APPROVED,767.57,10071.49
TXN-10919,2025-03-09,VEND-022,INV-91912,6100,14114.56,0.0825,APPROVED,1164.45,15279.01
TXN-10920,2025-03-08,VEND-007,INV-16588,6200,11649.88,0.0825,APPROVED,961.12,12611.0
TXN-10921,2025-08-21,VEND-002,INV-16304,6100,1962.66,0.0825,APPROVED,161.92,2124.58
TXN-10922,2025-04-19,VEND-006,INV-17345,2000,5245.23,0.0825,APPROVED,432.73,5677.959999999999
TXN-10923,2025-05-26,VEND-007,INV-39300,2000,6559.14,0.0825,APPROVED,541.13,7100.27
TXN-10924,2025-04-21,VEND-014,INV-34259,7000,5969.63,0.0825,APPROVED,492.49,6462.12
TXN-10925,2025-08-16,VEND-018,INV-98553,2000,10056.16,0.0825,APPROVED,829.63,10885.789999999999
TXN-10926,2025-04-21,VEND-015,INV-25352,6100,13383.8,0.0825,APPROVED,1104.16,14487.96
TXN-10927,2025-02-03,VEND-002,INV-43365,4000,4625.47,0.0825,APPROVED,381.6,5007.070000000001
TXN-10928,2025-04-21,VEND-010,INV-29446,5000,8300.56,0.0825,APPROVED,684.8,8985.359999999999
TXN-10929,2025-09-21,VEND-023,INV-12336,5000,11851.67,0.0825,APPROVED,977.76,12829.43
TXN-10930,2025-08-24,VEND-012,INV-72032,7000,6272.46,0.0825,APPROVED,517.48,6789.9400000000005
TXN-10931,2025-03-24,VEND-017,INV-85415,1200,2563.37,0.0825,APPROVED,211.48,2774.85
TXN-10932,2025-02-11,VEND-008,INV-17521,5000,7150.52,0.0825,APPROVED,589.92,7740.4400000000005
TXN-10933,2025-04-11,VEND-011,INV-81707,5000,875.58,0.0825,APPROVED,72.24,947.82
TXN-10934,2025-01-06,VEND-003,INV-33481,2000,14138.63,0.0825,APPROVED,1166.44,15305.07
TXN-10935,2025-06-29,VEND-006,INV-28474,2000,1168.58,0.0825,APPROVED,96.41,1264.99
TXN-10936,2025-10-09,VEND-009,INV-56760,6100,6604.93,0.0825,APPROVED,544.91,7149.84
TXN-10937,2025-11-16,VEND-006,INV-65718,7000,7971.72,0.0825,APPROVED,657.67,8629.39
TXN-10938,2025-08-14,VEND-009,INV-54629,1200,14780.29,0.0825,APPROVED,1219.37,15999.66
TXN-10939,2025-11-11,VEND-007,INV-55232,7000,2532.03,0.0825,APPROVED,208.89,2740.92
TXN-10940,2025-12-31,VEND-009,INV-96544,1010,1760.75,0.0825,APPROVED,145.26,1906.01
TXN-10941,2025-08-17,VEND-018,INV-77169,6200,180.16,0.0825,APPROVED,14.86,195.01999999999998
TXN-10942,2025-10-16,VEND-012,INV-60669,1200,2375.79,0.0825,APPROVED,196.0,2571.79
TXN-10943,2025-05-30,VEND-008,INV-88021,1200,3148.73,0.0825,APPROVED,259.77,3408.5
TXN-10944,2025-10-04,VEND-008,INV-79184,4000,9477.19,0.0825,APPROVED,781.87,10259.060000000001
TXN-10945,2025-07-17,VEND-018,INV-57945,7000,3334.62,0.0825,APPROVED,275.11,3609.73
TXN-10946,2025-03-11,VEND-020,INV-23140,6100,356.79,0.0825,APPROVED,29.44,386.23
TXN-10947,2025-04-22,VEND-015,INV-93457,4000,12407.94,0.0825,APPROVED,1023.66,13431.6
TXN-10948,2025-01-04,VEND-007,INV-24357,1200,5515.66,0.0825,APPROVED,455.04,5970.7
TXN-10949,2025-12-16,VEND-011,INV-78673,1200,5337.77,0.0825,APPROVED,440.37,5778.14
TXN-10950,2025-11-27,VEND-020,INV-75633,1200,4572.06,0.0825,APPROVED,377.19,4949.25
TXN-10951,2025-11-14,VEND-016,INV-86943,5000,14631.83,0.0825,APPROVED,1207.13,15838.96
TXN-10952,2025-12-16,VEND-004,INV-88258,7000,2593.23,0.0825,APPROVED,213.94,2807.17
TXN-10953,2025-04-05,VEND-006,INV-22924,6200,13478.66,0.0825,APPROVED,1111.99,14590.65
TXN-10954,2025-06-01,VEND-022,INV-79286,6200,11663.21,0.0825,APPROVED,962.21,12625.419999999998
TXN-10955,2025-11-07,VEND-003,INV-84071,4000,1193.38,0.0825,APPROVED,98.45,1291.8300000000002
TXN-10956,2025-05-17,VEND-009,INV-67326,1200,14801.6,0.0825,APPROVED,1221.13,16022.73
TXN-10957,2025-09-04,VEND-010,INV-40651,6200,4106.92,0.0825,APPROVED,338.82,4445.74
TXN-10958,2025-08-31,VEND-014,INV-80202,2000,1523.81,0.0825,APPROVED,125.71,1649.52
TXN-10959,2025-01-31,VEND-011,INV-58777,7000,12448.25,0.0825,PENDING,1026.98,13475.23
TXN-10960,2025-02-09,VEND-018,INV-26994,6200,10614.8,0.0825,APPROVED,875.72,11490.519999999999
TXN-10961,2025-08-17,VEND-022,INV-77263,6100,9277.42,0.0825,APPROVED,765.39,10042.81
TXN-10962,2025-02-05,VEND-012,INV-69634,7000,2381.91,0.0825,APPROVED,196.51,2578.42
TXN-10963,2025-08-11,VEND-023,INV-20800,6100,7203.52,0.0825,APPROVED,594.29,7797.81
TXN-10964,2025-01-06,VEND-012,INV-47823,6200,11719.31,0.0825,APPROVED,966.84,12686.15
TXN-10965,2025-11-18,VEND-013,INV-73878,2000,4589.18,0.0825,APPROVED,378.61,4967.79
TXN-10966,2025-08-08,VEND-025,INV-28708,6100,4709.76,0.0825,APPROVED,388.56,5098.320000000001
TXN-10967,2025-03-16,VEND-013,INV-22819,5000,96.96,0.0825,APPROVED,8.0,104.96
TXN-10968,2025-01-04,VEND-019,INV-84905,6200,2654.94,0.0825,PENDING,219.03,2873.9700000000003
TXN-10969,2025-12-01,VEND-019,INV-73870,5000,13137.31,0.0825,APPROVED,1083.83,14221.14
TXN-10970,2025-05-14,VEND-023,INV-19283,6200,6654.11,0.0825,APPROVED,548.96,7203.07
TXN-10971,2025-04-28,VEND-014,INV-40573,1010,14764.31,0.0825,APPROVED,1218.06,15982.369999999999
TXN-10972,2025-04-04,VEND-004,INV-88707,1010,5965.83,0.0825,APPROVED,492.18,6458.01
TXN-10973,2025-03-03,VEND-013,INV-40933,1010,10742.04,0.0825,APPROVED,886.22,11628.26
TXN-10974,2025-07-13,VEND-008,INV-15774,6100,4264.69,0.0825,APPROVED,351.84,4616.53
TXN-10975,2025-12-01,VEND-023,INV-82055,5000,5488.95,0.0825,APPROVED,452.84,5941.79
TXN-10976,2025-07-22,VEND-021,INV-20983,5000,2901.35,0.0825,APPROVED,239.36,3140.71
TXN-10977,2025-01-26,VEND-023,INV-28133,5000,5238.58,0.0825,APPROVED,432.18,5670.76
TXN-10978,2025-06-22,VEND-019,INV-24939,2000,8231.2,0.0825,APPROVED,679.07,8910.27
TXN-10979,2025-10-27,VEND-012,INV-10781,5000,14877.0,0.0825,PENDING,1227.35,16104.35
TXN-10980,2025-05-13,VEND-018,INV-66700,2000,9979.82,0.0825,APPROVED,823.34,10803.16
TXN-10981,2025-11-22,VEND-006,INV-37624,1010,3028.73,0.0825,APPROVED,249.87,3278.6
TXN-10982,2025-04-28,VEND-018,INV-16823,1010,722.17,0.0825,APPROVED,59.58,781.75
TXN-10983,2025-11-20,VEND-019,INV-28489,6100,1939.03,0.0825,APPROVED,159.97,2099.0
TXN-10984,2025-10-02,VEND-022,INV-49961,6200,8460.2,0.0825,PENDING,697.97,9158.17
TXN-10985,2025-07-31,VEND-005,INV-39118,1010,11489.15,0.0825,APPROVED,947.85,12437.0
TXN-10986,2025-08-13,VEND-024,INV-91816,6200,14109.27,0.0825,APPROVED,1164.01,15273.28
TXN-10987,2025-01-20,VEND-009,INV-32263,6200,286.56,0.0825,APPROVED,23.64,310.2
TXN-10988,2025-04-23,VEND-003,INV-23565,7000,7865.26,0.0825,PENDING,648.88,8514.14
TXN-10989,2025-05-20,VEND-010,INV-30354,6100,7089.47,0.0825,APPROVED,584.88,7674.35
TXN-10990,2025-02-16,VEND-019,INV-52951,1200,9858.02,0.0825,APPROVED,813.29,10671.310000000001
TXN-10991,2025-01-01,VEND-003,INV-33648,1200,8415.7,0.0825,APPROVED,694.3,9110.0
TXN-10992,2025-03-31,VEND-022,INV-60729,4000,10321.24,0.0825,APPROVED,851.5,11172.74
TXN-10993,2025-05-22,VEND-015,INV-51971,7000,9888.33,0.0825,APPROVED,815.79,10704.119999999999
TXN-10994,2025-11-16,VEND-001,INV-28658,6100,1799.33,0.0825,PENDING,148.44,1947.77
TXN-10995,2025-02-07,VEND-007,INV-31253,4000,12005.78,0.0825,APPROVED,990.48,12996.26
TXN-10996,2025-10-20,VEND-012,INV-74166,4000,1892.33,0.0825,APPROVED,156.12,2048.45
TXN-10997,2025-05-19,VEND-017,INV-58563,7000,10493.03,0.0825,APPROVED,865.67,11358.7
TXN-10998,2025-12-22,VEND-021,INV-36390,1200,6271.37,0.0825,APPROVED,517.39,6788.76
TXN-10999,2025-11-29,VEND-024,INV-98664,6100,7732.07,0.0825,APPROVED,637.9,8369.97
